application_id,application_number,state,district,discom,rural_urban,category,consumer_category,gender,scheme,vendor_name,vendor_id,name_of_bank,bank_account_number,benefiaicry_unique_id_by_pfms,duplicate_bank_account_number,current_stage,current_status,feasibility_status,installation_status,inspection_status,eligible_subsidy_amount,sanctioned_amount_inr,disbursement_tranche_1_amount_inr,disbursement_tranche_2_amount_inr,installed_capacity_in_kw,subsidy_redeemed,registration_date,sanctioned_date,net_metering_date,subsidy_redeemed_date
APP100000,RSS-2024-100000,Maharashtra,Nagpur,JVVNL,Rural,OBC,Group Housing Society,Male,Rooftop Solar Subsidy,Suryodaya Installers,V003,State Bank of India,ACCT1572312973,PFMS4780084,false,Subsidy Request,In Progress,Not Feasible,Installed,Approved,77414.87,76104.55,45665.61,30438.94,4.51,true,2024-06-25,2024-07-15,2024-08-22,2024-09-01
APP100001,RSS-2024-100001,Gujarat,Vadodara,MSEDCL,Rural,General,Group Housing Society,Male,Rooftop Solar Subsidy,Prakash Solar Solutions,V004,Union Bank of India,ACCT7080160295,PFMS7808097,false,Feasibility Approval,In Progress,Under Review,Installed,Approved,107966.96,102091.02,,,7.13,false,2024-06-02,2024-06-26,2024-07-13,
APP100002,RSS-2024-100002,Maharashtra,Pune,APSPDCL,Rural,General,Group Housing Society,Female,Rooftop Solar Subsidy,SunTech Solar Pvt Ltd,V001,Punjab National Bank,ACCT3908951990,PFMS4036383,false,Vendor Selection,In Progress,Feasible,In Progress,Approved,49120.87,46055.00,29624.69,,2.78,true,2024-06-23,2024-08-16,2024-09-30,2024-10-09
APP100003,RSS-2024-100003,Maharashtra,Nagpur,JVVNL,Urban,OBC,Residential Welfare Assoc.,Male,Rooftop Solar Subsidy,Prakash Solar Solutions,V004,State Bank of India,ACCT6235288297,PFMS5590227,false,Vendor Selection,Completed,Feasible,Installation Pending,Approved,92059.64,90780.21,62009.76,28770.45,6.00,true,2024-07-28,2024-09-12,2024-10-25,2024-11-06
APP100004,RSS-2024-100004,West Bengal,Nadia,TPCODL,Urban,General,Group Housing Society,Female,Rooftop Solar Subsidy,Suryodaya Installers,V003,Canara Bank,ACCT2037062181,PFMS2598700,false,Vendor Selection,Pending,Not Feasible,Installation Pending,Approved,155437.87,145870.58,,,9.49,false,2024-06-05,,,
APP100005,RSS-2024-100005,Rajasthan,Jaipur,TSSPDCL,Rural,OBC,Group Housing Society,Male,Rooftop Solar Subsidy,GreenVolt Energy,V002,State Bank of India,ACCT5737170375,PFMS6662918,false,Vendor Selection,Completed,Not Feasible,Installed,Approved,98178.50,86222.66,48326.33,,5.56,true,2024-04-21,2024-06-20,,
APP100006,RSS-2024-100006,Telangana,Warangal,JVVNL,Urban,General,Residential Welfare Assoc.,Male,Rooftop Solar Subsidy,Prakash Solar Solutions,V004,Canara Bank,ACCT6089426160,PFMS1329307,false,Vendor Selection,Pending,Not Feasible,Installation Pending,Approved,139216.84,129606.29,69455.75,60150.54,7.93,true,2024-04-07,2024-06-02,2024-07-06,2024-07-18
APP100007,RSS-2024-100007,Rajasthan,Jodhpur,TPCODL,Urban,General,Group Housing Society,Male,Rooftop Solar Subsidy,Suryodaya Installers,V003,Union Bank of India,ACCT2493522510,PFMS6847008,false,Vendor Selection,Completed,Feasible,Installed,Approved,73477.58,68116.90,,,4.59,false,2024-08-20,2024-09-10,2024-10-22,
APP100008,RSS-2024-100008,Maharashtra,Pune,JVVNL,Rural,OBC,Group Housing Society,Female,Rooftop Solar Subsidy,Prakash Solar Solutions,V004,State Bank of India,ACCT3098060561,PFMS6517342,false,Vendor Selection,In Progress,Not Feasible,Installed,Approved,33744.35,31455.72,17960.05,,1.89,true,2024-09-21,2024-10-14,,
APP100009,RSS-2024-100009,Odisha,Cuttack,TPCODL,Rural,OBC,Residential,Male,Rooftop Solar Subsidy,Aditya Rooftop Co,V005,Canara Bank,ACCT5343774267,PFMS3602627,false,Vendor Selection,Pending,Not Feasible,Installation Pending,Approved,99736.33,98250.78,60910.84,,6.11,true,2024-07-20,2024-09-04,2024-10-14,2024-11-08
APP100010,RSS-2024-100010,Karnataka,Bengaluru,MSEDCL,Urban,ST,Residential,Female,Rooftop Solar Subsidy,Suryodaya Installers,V003,State Bank of India,ACCT2030637969,PFMS1912413,false,Vendor Selection,Completed,Under Review,Installation Pending,Approved,105751.85,105743.16,,,6.92,false,2024-06-21,2024-08-12,2024-09-02,
APP100011,RSS-2024-100011,Gujarat,Rajkot,TPCODL,Rural,OBC,Residential Welfare Assoc.,Female,Rooftop Solar Subsidy,Prakash Solar Solutions,V004,Bank of Baroda,ACCT9958893154,PFMS9463366,true,Feasibility Approval,Completed,Feasible,Installed,Approved,114759.12,108715.45,,,6.59,false,2024-05-21,,,
APP100012,RSS-2024-100012,Gujarat,Vadodara,WBSEDCL,Urban,ST,Group Housing Society,Male,Rooftop Solar Subsidy,SunTech Solar Pvt Ltd,V001,Bank of Baroda,ACCT2414464761,PFMS8723174,false,Vendor Selection,In Progress,Not Feasible,Installed,Approved,135275.58,122841.89,79303.48,43538.41,7.70,true,2024-07-07,2024-07-18,,
APP100013,RSS-2024-100013,Rajasthan,Jaipur,BESCOM,Rural,OBC,Residential Welfare Assoc.,Male,Rooftop Solar Subsidy,Aditya Rooftop Co,V005,State Bank of India,ACCT4157301480,PFMS3272470,false,Subsidy Request,Completed,Feasible,Installation Pending,Returned for correction,53719.25,52902.26,,,3.38,false,2024-09-24,2024-11-06,2024-12-15,
APP100014,RSS-2024-100014,Andhra Pradesh,Krishna,MSEDCL,Urban,OBC,Residential Welfare Assoc.,Female,Rooftop Solar Subsidy,Prakash Solar Solutions,V004,Bank of Baroda,ACCT2435278852,PFMS6902189,false,Vendor Selection,Pending,Feasible,Installed,Approved,33527.06,29416.77,19793.84,,2.39,true,2024-09-24,2024-10-04,,
APP100015,RSS-2024-100015,Odisha,Khordha,DGVCL,Urban,OBC,Residential,Male,Rooftop Solar Subsidy,SunTech Solar Pvt Ltd,V001,State Bank of India,ACCT6212042242,PFMS3834030,false,Vendor Selection,In Progress,Under Review,Installed,Approved,145133.64,128680.28,,,8.29,false,2024-04-25,2024-06-19,,
APP100016,RSS-2024-100016,West Bengal,Nadia,TSSPDCL,Rural,OBC,Residential Welfare Assoc.,Female,Rooftop Solar Subsidy,GreenVolt Energy,V002,Union Bank of India,ACCT2037802339,PFMS3834030,false,Vendor Selection,Completed,Not Feasible,Installed,Approved,45646.26,41653.34,22956.68,,2.65,true,2024-06-26,2024-07-04,,
APP100017,RSS-2024-100017,Andhra Pradesh,Krishna,TPCODL,Urban,OBC,Residential,Male,Rooftop Solar Subsidy,Aditya Rooftop Co,V005,State Bank of India,ACCT6113695262,PFMS1904418,false,Feasibility Approval,In Progress,Feasible,Installation Pending,Approved,50712.56,47639.60,,,2.86,false,2024-07-30,2024-08-24,,
APP100018,RSS-2024-100018,Odisha,Khordha,APSPDCL,Rural,ST,Residential Welfare Assoc.,Female,Rooftop Solar Subsidy,Suryodaya Installers,V003,State Bank of India,ACCT5468795334,PFMS7059345,false,Vendor Selection,Completed,Feasible,Installed,Approved,129915.14,110444.91,,,7.47,false,2024-04-16,2024-05-20,2024-06-09,
APP100019,RSS-2024-100019,Odisha,Cuttack,APSPDCL,Rural,General,Residential Welfare Assoc.,Female,Rooftop Solar Subsidy,Suryodaya Installers,V003,State Bank of India,ACCT7983047017,PFMS4391521,false,Vendor Selection,Pending,Not Feasible,Installed,Scheduled,100357.14,99704.55,,,6.39,false,2024-08-06,2024-10-05,2024-10-10,
APP100020,RSS-2024-100020,Maharashtra,Thane,TPCODL,Rural,OBC,Residential,Male,Rooftop Solar Subsidy,SunTech Solar Pvt Ltd,V001,Union Bank of India,ACCT7541824383,PFMS2058876,false,Vendor Selection,Completed,Not Feasible,Installed,Approved,146024.56,139866.29,,,9.46,false,2024-07-01,,,
APP100021,RSS-2024-100021,Maharashtra,Nashik,JVVNL,Urban,ST,Group Housing Society,Male,Rooftop Solar Subsidy,GreenVolt Energy,V002,State Bank of India,ACCT7704066077,PFMS9601969,false,Vendor Selection,In Progress,Under Review,In Progress,Approved,51475.66,48304.46,,,2.95,false,2024-05-30,2024-06-29,,
APP100022,RSS-2024-100022,West Bengal,Howrah,MSEDCL,Urban,ST,Residential Welfare Assoc.,Female,Rooftop Solar Subsidy,SunTech Solar Pvt Ltd,V001,State Bank of India,ACCT7017519621,PFMS2390297,true,Vendor Selection,Pending,Under Review,Installed,Approved,95397.86,88210.81,47239.86,40970.95,5.56,true,2024-05-11,2024-06-23,2024-07-13,2024-08-12
APP100023,RSS-2024-100023,Maharashtra,Thane,DGVCL,Urban,General,Residential,Male,Rooftop Solar Subsidy,Aditya Rooftop Co,V005,Canara Bank,ACCT5560750428,PFMS4893942,false,Vendor Selection,Pending,Under Review,In Progress,Approved,136929.32,132795.18,,,9.28,false,2024-04-17,2024-05-06,2024-05-22,
APP100024,RSS-2024-100024,Maharashtra,Nashik,JVVNL,Urban,OBC,Group Housing Society,Male,Rooftop Solar Subsidy,Suryodaya Installers,V003,Bank of Baroda,ACCT9510512201,PFMS4348834,false,Vendor Selection,In Progress,Under Review,Installation Pending,Approved,39792.18,36600.00,18350.84,18249.16,2.55,true,2024-04-09,2024-05-04,,
APP100025,RSS-2024-100025,Andhra Pradesh,Krishna,WBSEDCL,Urban,SC,Group Housing Society,Male,Rooftop Solar Subsidy,GreenVolt Energy,V002,Union Bank of India,ACCT8730841896,PFMS1856138,true,Vendor Selection,Completed,Not Feasible,Installed,Approved,95379.67,91133.26,63487.12,,6.04,true,2024-07-08,2024-08-12,2024-09-15,2024-10-14
APP100026,RSS-2024-100026,West Bengal,Howrah,TPCODL,Urban,SC,Group Housing Society,Female,Rooftop Solar Subsidy,Suryodaya Installers,V003,State Bank of India,ACCT5626662715,PFMS4207919,false,Vendor Selection,Completed,Under Review,Installation Pending,Approved,64058.27,58345.88,31016.51,27329.37,3.75,true,2024-08-02,2024-08-31,,
APP100027,RSS-2024-100027,Karnataka,Mysuru,JVVNL,Rural,OBC,Residential,Female,Rooftop Solar Subsidy,Suryodaya Installers,V003,Canara Bank,ACCT7072534083,PFMS6501091,false,Vendor Selection,Pending,Under Review,Installed,Approved,92986.81,82193.13,49852.17,32340.96,5.29,true,2024-05-25,2024-07-06,2024-08-02,2024-08-22
APP100028,RSS-2024-100028,Maharashtra,Thane,JVVNL,Urban,ST,Residential Welfare Assoc.,Male,Rooftop Solar Subsidy,Aditya Rooftop Co,V005,Canara Bank,ACCT7216696393,PFMS9029332,false,Application Submitted,Completed,Under Review,Installed,Approved,19423.33,18689.47,12702.49,5986.98,1.35,true,2024-05-13,2024-07-02,,
APP100029,RSS-2024-100029,West Bengal,Hooghly,TPCODL,Urban,OBC,Residential,Male,Rooftop Solar Subsidy,GreenVolt Energy,V002,Bank of Baroda,ACCT2032562467,PFMS6132578,false,Vendor Selection,Completed,Not Feasible,Installed,Scheduled,117894.04,105676.89,,,6.59,false,2024-09-05,2024-09-26,2024-10-30,
APP100030,RSS-2024-100030,Maharashtra,Thane,BESCOM,Rural,SC,Group Housing Society,Male,Rooftop Solar Subsidy,Aditya Rooftop Co,V005,State Bank of India,ACCT1571355990,PFMS3533479,false,Feasibility Approval,Pending,Not Feasible,Installation Pending,Approved,67730.64,59855.54,38663.08,21192.46,3.78,true,2024-06-25,2024-07-03,2024-07-27,2024-08-05
APP100031,RSS-2024-100031,Maharashtra,Thane,DGVCL,Urban,ST,Residential Welfare Assoc.,Female,Rooftop Solar Subsidy,SunTech Solar Pvt Ltd,V001,State Bank of India,ACCT4901383108,PFMS6754715,false,Vendor Selection,Completed,Feasible,Installed,Approved,30200.35,26749.86,,,1.76,false,2024-05-29,2024-07-01,2024-08-02,
APP100032,RSS-2024-100032,Andhra Pradesh,Visakhapatnam,BESCOM,Urban,General,Residential,Female,Rooftop Solar Subsidy,GreenVolt Energy,V002,Punjab National Bank,ACCT9825365323,PFMS2693013,false,Feasibility Approval,Completed,Under Review,Installed,Approved,49424.89,47866.81,,,3.18,false,2024-06-06,2024-07-12,,
APP100033,RSS-2024-100033,Maharashtra,Nashik,JVVNL,Urban,SC,Group Housing Society,Male,Rooftop Solar Subsidy,Prakash Solar Solutions,V004,Canara Bank,ACCT4506874645,PFMS8117171,false,Vendor Selection,Pending,Feasible,Installed,Approved,121824.95,116870.14,76382.19,40487.95,8.44,true,2024-07-11,2024-07-29,2024-08-26,2024-09-23
APP100034,RSS-2024-100034,Andhra Pradesh,Krishna,WBSEDCL,Rural,SC,Residential Welfare Assoc.,Male,Rooftop Solar Subsidy,GreenVolt Energy,V002,Union Bank of India,ACCT2800896511,PFMS5089915,false,Vendor Selection,Pending,Feasible,In Progress,Approved,147705.41,132576.68,75232.12,,9.03,true,2024-09-28,2024-10-25,2024-12-09,2024-12-14
APP100035,RSS-2024-100035,Karnataka,Mysuru,WBSEDCL,Rural,SC,Residential Welfare Assoc.,Female,Rooftop Solar Subsidy,Suryodaya Installers,V003,Canara Bank,ACCT9124432004,PFMS6163760,true,Vendor Selection,Completed,Not Feasible,Installed,Approved,102194.18,87560.93,47482.50,,5.79,true,2024-06-05,2024-06-16,2024-07-04,2024-07-07
APP100036,RSS-2024-100036,Maharashtra,Nagpur,TSSPDCL,Rural,ST,Residential Welfare Assoc.,Male,Rooftop Solar Subsidy,Prakash Solar Solutions,V004,State Bank of India,ACCT9663315860,PFMS8659029,false,Vendor Selection,Pending,Under Review,Installed,Approved,76623.84,65655.02,45177.33,20477.69,4.71,true,2024-07-12,2024-08-15,2024-09-19,2024-10-07
APP100037,RSS-2024-100037,Maharashtra,Nashik,BESCOM,Rural,General,Group Housing Society,Female,Rooftop Solar Subsidy,SunTech Solar Pvt Ltd,V001,Bank of Baroda,ACCT8516593932,PFMS5778834,false,Feasibility Approval,In Progress,Not Feasible,Installed,Approved,24125.78,20526.49,,,1.45,false,2024-07-04,2024-07-23,2024-09-04,
APP100038,RSS-2024-100038,Karnataka,Bengaluru,TSSPDCL,Urban,General,Residential Welfare Assoc.,Male,Rooftop Solar Subsidy,Aditya Rooftop Co,V005,Union Bank of India,ACCT9958893154,PFMS3242428,true,Vendor Selection,Completed,Under Review,Installed,Approved,174864.39,161865.42,100328.95,,9.86,true,2024-06-02,2024-07-09,2024-08-03,2024-09-01
APP100039,RSS-2024-100039,Gujarat,Rajkot,JVVNL,Urban,SC,Group Housing Society,Female,Rooftop Solar Subsidy,SunTech Solar Pvt Ltd,V001,Bank of Baroda,ACCT9719373810,PFMS6116498,false,Vendor Selection,Pending,Not Feasible,Installed,Approved,111382.79,96779.13,61702.53,35076.60,7.27,true,2024-09-24,2024-10-03,2024-11-15,2024-12-03
APP100040,RSS-2024-100040,West Bengal,Nadia,JVVNL,Urban,General,Group Housing Society,Male,Rooftop Solar Subsidy,Aditya Rooftop Co,V005,State Bank of India,ACCT3522315946,PFMS5735153,false,Vendor Selection,Pending,Under Review,Installed,Approved,143406.12,125316.89,,,8.01,false,2024-07-02,2024-07-12,2024-07-17,
APP100041,RSS-2024-100041,Gujarat,Vadodara,TSSPDCL,Urban,OBC,Residential Welfare Assoc.,Female,Rooftop Solar Subsidy,SunTech Solar Pvt Ltd,V001,State Bank of India,ACCT7841998482,PFMS7008289,false,Vendor Selection,In Progress,Not Feasible,Installed,Approved,130126.69,111701.65,,,7.58,false,2024-07-30,,,
APP100042,RSS-2024-100042,Odisha,Khordha,TPCODL,Rural,SC,Group Housing Society,Male,Rooftop Solar Subsidy,Prakash Solar Solutions,V004,State Bank of India,ACCT1025695318,PFMS7783081,false,Vendor Selection,Completed,Feasible,In Progress,Approved,168810.64,161777.20,,,9.51,false,2024-06-20,2024-07-10,2024-08-20,
APP100043,RSS-2024-100043,Maharashtra,Nagpur,WBSEDCL,Rural,SC,Group Housing Society,Female,Rooftop Solar Subsidy,Aditya Rooftop Co,V005,State Bank of India,ACCT8532688736,PFMS7247179,false,Vendor Selection,Completed,Feasible,Installed,Approved,131848.96,120126.82,77629.10,,8.00,true,2024-05-15,2024-05-26,2024-07-07,2024-07-29
APP100044,RSS-2024-100044,Gujarat,Vadodara,APSPDCL,Rural,ST,Residential,Male,Rooftop Solar Subsidy,Aditya Rooftop Co,V005,Bank of Baroda,ACCT2919301538,PFMS5839519,true,Vendor Selection,Pending,Not Feasible,Installation Pending,Approved,107728.20,101106.66,,,7.35,false,2024-05-03,2024-05-28,,
APP100045,RSS-2024-100045,Maharashtra,Nashik,JVVNL,Urban,General,Group Housing Society,Female,Rooftop Solar Subsidy,Suryodaya Installers,V003,Punjab National Bank,ACCT9106898043,PFMS4631658,false,Subsidy Request,Pending,Under Review,Installed,Approved,109200.46,96456.07,49738.34,46717.73,6.28,true,2024-05-25,2024-06-07,2024-07-06,2024-07-23
APP100046,RSS-2024-100046,Maharashtra,Thane,APSPDCL,Urban,ST,Residential Welfare Assoc.,Female,Rooftop Solar Subsidy,Aditya Rooftop Co,V005,Canara Bank,ACCT2863122244,PFMS8993428,false,Subsidy Request,In Progress,Under Review,Installed,Approved,135802.29,123793.35,75492.44,48300.91,7.96,true,2024-08-19,2024-10-06,2024-10-29,2024-11-15
APP100047,RSS-2024-100047,Telangana,Warangal,TPCODL,Urban,General,Group Housing Society,Male,Rooftop Solar Subsidy,SunTech Solar Pvt Ltd,V001,State Bank of India,ACCT7294092489,PFMS2595523,false,Vendor Selection,In Progress,Under Review,In Progress,Approved,120482.51,120441.86,,,8.04,false,2024-06-06,2024-07-04,,
APP100048,RSS-2024-100048,Gujarat,Vadodara,DGVCL,Rural,General,Residential Welfare Assoc.,Female,Rooftop Solar Subsidy,Prakash Solar Solutions,V004,Union Bank of India,ACCT6251962584,PFMS2815684,false,Vendor Selection,Pending,Under Review,In Progress,Approved,102981.97,99378.52,55104.77,,5.80,true,2024-05-16,2024-06-29,2024-07-16,2024-07-22
APP100049,RSS-2024-100049,Odisha,Khordha,BESCOM,Rural,SC,Residential,Female,Rooftop Solar Subsidy,Prakash Solar Solutions,V004,Union Bank of India,ACCT7620041946,PFMS7355987,false,Vendor Selection,Pending,Not Feasible,Installed,Approved,85231.97,75708.09,48883.52,,4.82,true,2024-08-06,2024-08-27,,
APP100050,RSS-2024-100050,Rajasthan,Jodhpur,BESCOM,Rural,OBC,Residential,Female,Rooftop Solar Subsidy,Prakash Solar Solutions,V004,State Bank of India,ACCT4617675576,PFMS5082442,false,Subsidy Request,Pending,Not Feasible,In Progress,Approved,78809.78,75134.43,48431.48,,4.54,true,2024-08-07,2024-09-11,2024-09-18,2024-09-25
APP100051,RSS-2024-100051,Maharashtra,Thane,MSEDCL,Urban,General,Residential Welfare Assoc.,Male,Rooftop Solar Subsidy,Prakash Solar Solutions,V004,State Bank of India,ACCT6094520356,PFMS7368728,false,Vendor Selection,Completed,Under Review,Installation Pending,Approved,100307.25,98265.02,56857.24,41407.78,5.84,true,2024-09-01,2024-09-26,,
APP100052,RSS-2024-100052,Maharashtra,Pune,BESCOM,Rural,SC,Group Housing Society,Female,Rooftop Solar Subsidy,GreenVolt Energy,V002,State Bank of India,ACCT5985211084,PFMS9565686,false,Subsidy Request,Completed,Feasible,In Progress,Approved,118946.02,111068.85,56246.01,,8.10,true,2024-07-23,2024-08-13,2024-09-01,2024-09-16
APP100053,RSS-2024-100053,Andhra Pradesh,Guntur,TPCODL,Rural,ST,Group Housing Society,Female,Rooftop Solar Subsidy,Suryodaya Installers,V003,Union Bank of India,ACCT1608058957,PFMS6948287,false,Vendor Selection,Completed,Not Feasible,Installed,Approved,20729.74,18603.09,,,1.41,false,2024-07-23,2024-09-01,,
APP100054,RSS-2024-100054,Maharashtra,Nagpur,MSEDCL,Urban,General,Residential Welfare Assoc.,Male,Rooftop Solar Subsidy,Prakash Solar Solutions,V004,Punjab National Bank,ACCT6490623352,PFMS3847609,false,Vendor Selection,Completed,Under Review,In Progress,Approved,94654.39,86156.86,53952.71,32204.15,5.54,true,2024-08-18,2024-08-28,2024-09-17,2024-10-06
APP100055,RSS-2024-100055,Maharashtra,Nagpur,BESCOM,Rural,ST,Residential Welfare Assoc.,Female,Rooftop Solar Subsidy,Prakash Solar Solutions,V004,State Bank of India,ACCT4660776180,PFMS4045054,false,Application Submitted,Pending,Under Review,Installed,Approved,48093.01,44589.74,,,2.88,false,2024-09-19,2024-10-27,2024-11-03,
APP100056,RSS-2024-100056,West Bengal,Howrah,DGVCL,Urban,OBC,Residential Welfare Assoc.,Female,Rooftop Solar Subsidy,GreenVolt Energy,V002,State Bank of India,ACCT3867519683,PFMS3834030,false,Vendor Selection,Completed,Not Feasible,Installed,Approved,36506.29,33915.17,23260.99,,2.06,true,2024-08-27,2024-10-03,2024-10-17,2024-10-20
APP100057,RSS-2024-100057,Maharashtra,Thane,APSPDCL,Rural,General,Group Housing Society,Male,Rooftop Solar Subsidy,Suryodaya Installers,V003,Bank of Baroda,ACCT8557005597,PFMS6495170,false,Vendor Selection,In Progress,Feasible,Installed,Scheduled,51286.41,50445.46,34067.85,16377.61,3.57,true,2024-05-10,2024-06-26,2024-07-09,2024-08-08
APP100058,RSS-2024-100058,Andhra Pradesh,Visakhapatnam,DGVCL,Urban,OBC,Residential,Female,Rooftop Solar Subsidy,SunTech Solar Pvt Ltd,V001,Canara Bank,ACCT2193621825,PFMS7958201,true,Vendor Selection,Completed,Not Feasible,Installed,Approved,37955.62,35769.81,23871.79,11898.02,2.28,true,2024-05-05,2024-06-01,,
APP100059,RSS-2024-100059,Maharashtra,Nagpur,JVVNL,Rural,SC,Residential Welfare Assoc.,Male,Rooftop Solar Subsidy,Prakash Solar Solutions,V004,Union Bank of India,ACCT8274342012,PFMS7565015,false,Vendor Selection,Completed,Under Review,Installed,Approved,74472.63,74193.98,46248.37,,4.26,true,2024-09-23,2024-11-09,2024-12-17,2024-12-29
APP100060,RSS-2024-100060,Maharashtra,Nashik,DGVCL,Urban,OBC,Residential,Female,Rooftop Solar Subsidy,GreenVolt Energy,V002,State Bank of India,ACCT8102176608,PFMS6578724,false,Vendor Selection,Completed,Feasible,Installed,Approved,95194.43,87776.31,50041.60,37734.71,6.19,true,2024-06-26,2024-08-17,2024-08-24,2024-09-14
APP100061,RSS-2024-100061,Odisha,Cuttack,TSSPDCL,Urban,OBC,Residential,Female,Rooftop Solar Subsidy,Suryodaya Installers,V003,State Bank of India,ACCT2655014232,PFMS3095510,false,Vendor Selection,Pending,Not Feasible,Installed,Approved,76591.06,72990.93,43516.43,,4.36,true,2024-07-05,2024-08-05,2024-08-11,2024-09-10
APP100062,RSS-2024-100062,Karnataka,Mysuru,APSPDCL,Rural,ST,Residential Welfare Assoc.,Male,Rooftop Solar Subsidy,Prakash Solar Solutions,V004,State Bank of India,ACCT2666265507,PFMS3522742,false,Vendor Selection,Completed,Under Review,Installed,Approved,36297.84,31209.55,16230.67,14978.88,2.40,true,2024-09-11,2024-10-01,,
APP100063,RSS-2024-100063,Gujarat,Surat,DGVCL,Urban,SC,Residential,Female,Rooftop Solar Subsidy,GreenVolt Energy,V002,State Bank of India,ACCT4506040406,PFMS3397281,false,Vendor Selection,In Progress,Not Feasible,Installed,Approved,118427.50,117934.58,67938.17,49996.41,8.32,true,2024-07-18,2024-09-16,2024-10-13,2024-10-25
APP100064,RSS-2024-100064,Maharashtra,Nagpur,DGVCL,Urban,General,Residential Welfare Assoc.,Male,Rooftop Solar Subsidy,SunTech Solar Pvt Ltd,V001,State Bank of India,ACCT7591797454,PFMS8677806,false,Vendor Selection,Pending,Feasible,Installed,Approved,137884.96,121247.48,81042.15,40205.33,7.76,true,2024-04-20,2024-05-30,,
APP100065,RSS-2024-100065,West Bengal,Nadia,APSPDCL,Rural,General,Group Housing Society,Female,Rooftop Solar Subsidy,Suryodaya Installers,V003,Punjab National Bank,ACCT1752282737,PFMS8723174,false,Vendor Selection,In Progress,Under Review,Installation Pending,Approved,58055.11,54832.53,35489.25,19343.28,3.25,true,2024-06-03,2024-07-30,2024-08-06,2024-08-27
APP100066,RSS-2024-100066,Maharashtra,Nagpur,WBSEDCL,Urban,General,Group Housing Society,Female,Rooftop Solar Subsidy,GreenVolt Energy,V002,State Bank of India,ACCT6512884849,PFMS3422103,false,Vendor Selection,Pending,Feasible,Installed,Approved,128719.70,109823.97,,,8.91,false,2024-07-21,,,
APP100067,RSS-2024-100067,Andhra Pradesh,Guntur,TSSPDCL,Rural,ST,Residential,Female,Rooftop Solar Subsidy,Prakash Solar Solutions,V004,Punjab National Bank,ACCT2089306894,PFMS4662432,false,Vendor Selection,In Progress,Feasible,Installed,Approved,135633.56,131125.48,82759.12,48366.36,8.42,true,2024-04-05,2024-05-21,,
APP100068,RSS-2024-100068,Maharashtra,Nashik,TPCODL,Rural,OBC,Residential Welfare Assoc.,Female,Rooftop Solar Subsidy,Suryodaya Installers,V003,Punjab National Bank,ACCT1340522288,PFMS6531501,false,Vendor Selection,Pending,Feasible,Installed,Approved,150253.77,146955.66,101713.78,,8.67,true,2024-06-01,2024-06-10,2024-06-21,2024-07-11
APP100069,RSS-2024-100069,Maharashtra,Nagpur,TSSPDCL,Urban,General,Group Housing Society,Male,Rooftop Solar Subsidy,SunTech Solar Pvt Ltd,V001,Bank of Baroda,ACCT4027842393,PFMS4746120,false,Vendor Selection,Completed,Not Feasible,Installed,Approved,79614.42,77553.75,,,4.66,false,2024-05-09,2024-06-08,2024-06-17,
APP100070,RSS-2024-100070,Maharashtra,Thane,TSSPDCL,Urban,General,Residential,Female,Rooftop Solar Subsidy,GreenVolt Energy,V002,State Bank of India,ACCT7721092590,PFMS6245549,false,Feasibility Approval,Pending,Feasible,Installation Pending,Returned for correction,57924.99,53112.10,30790.68,22321.42,3.99,true,2024-07-04,2024-08-17,2024-09-03,2024-10-02
APP100071,RSS-2024-100071,Andhra Pradesh,Visakhapatnam,APSPDCL,Rural,SC,Residential Welfare Assoc.,Male,Rooftop Solar Subsidy,Suryodaya Installers,V003,State Bank of India,ACCT2694074368,PFMS6473625,false,Vendor Selection,Completed,Under Review,In Progress,Approved,113627.19,108292.97,,,6.38,false,2024-08-11,2024-08-31,,
APP100072,RSS-2024-100072,Maharashtra,Nagpur,DGVCL,Rural,SC,Residential,Female,Rooftop Solar Subsidy,Aditya Rooftop Co,V005,Punjab National Bank,ACCT4548917100,PFMS4085623,false,Vendor Selection,Pending,Not Feasible,Installed,Approved,130321.43,124077.86,,,7.69,false,2024-06-19,2024-07-03,,
APP100073,RSS-2024-100073,Maharashtra,Nagpur,WBSEDCL,Urban,ST,Residential,Female,Rooftop Solar Subsidy,SunTech Solar Pvt Ltd,V001,Union Bank of India,ACCT9958893154,PFMS5196827,true,Vendor Selection,In Progress,Feasible,In Progress,Approved,134765.33,115319.58,,,8.24,false,2024-06-07,2024-07-28,2024-08-13,
APP100074,RSS-2024-100074,Andhra Pradesh,Krishna,APSPDCL,Urban,General,Residential,Male,Rooftop Solar Subsidy,Suryodaya Installers,V003,State Bank of India,ACCT7239882680,PFMS7184284,false,Vendor Selection,In Progress,Not Feasible,In Progress,Scheduled,43381.26,40877.10,,,2.43,false,2024-05-10,2024-07-07,,
APP100075,RSS-2024-100075,Odisha,Khordha,DGVCL,Urban,General,Residential,Female,Rooftop Solar Subsidy,GreenVolt Energy,V002,Union Bank of India,ACCT8455539767,PFMS9756463,false,Vendor Selection,In Progress,Feasible,Installed,Approved,30931.55,26764.86,,,1.85,false,2024-07-06,2024-08-24,,
APP100076,RSS-2024-100076,Andhra Pradesh,Visakhapatnam,JVVNL,Rural,General,Group Housing Society,Male,Rooftop Solar Subsidy,Prakash Solar Solutions,V004,State Bank of India,ACCT9943753307,PFMS9926571,false,Subsidy Request,In Progress,Under Review,Installed,Approved,24927.89,21547.73,13433.74,8113.99,1.76,true,2024-04-29,2024-06-17,2024-06-27,2024-07-03
APP100077,RSS-2024-100077,Maharashtra,Thane,DGVCL,Rural,OBC,Residential Welfare Assoc.,Female,Rooftop Solar Subsidy,GreenVolt Energy,V002,State Bank of India,ACCT6108459619,PFMS8723174,false,Vendor Selection,In Progress,Feasible,Installed,Approved,24495.95,21710.66,,,1.57,false,2024-05-06,2024-06-27,2024-07-29,
APP100078,RSS-2024-100078,Rajasthan,Jaipur,BESCOM,Rural,ST,Residential Welfare Assoc.,Female,Rooftop Solar Subsidy,Suryodaya Installers,V003,Punjab National Bank,ACCT7208859478,PFMS3218917,false,Vendor Selection,Pending,Not Feasible,Installed,Approved,68988.69,64315.68,36080.10,,4.71,true,2024-05-07,2024-06-08,2024-06-26,2024-07-26
APP100079,RSS-2024-100079,Maharashtra,Nashik,APSPDCL,Urban,ST,Residential,Male,Rooftop Solar Subsidy,Aditya Rooftop Co,V005,State Bank of India,ACCT4005642816,PFMS5810606,false,Vendor Selection,Completed,Under Review,In Progress,Approved,38517.82,34741.79,20949.25,,2.18,true,2024-07-14,2024-07-29,2024-08-14,2024-09-02
APP100080,RSS-2024-100080,Andhra Pradesh,Guntur,TPCODL,Urban,SC,Group Housing Society,Male,Rooftop Solar Subsidy,Prakash Solar Solutions,V004,Punjab National Bank,ACCT3020845349,PFMS9129523,false,Vendor Selection,In Progress,Under Review,In Progress,Approved,126155.98,113331.08,78602.48,,7.15,true,2024-04-26,2024-05-05,2024-06-01,2024-06-24
APP100081,RSS-2024-100081,Maharashtra,Thane,JVVNL,Urban,ST,Residential Welfare Assoc.,Female,Rooftop Solar Subsidy,Suryodaya Installers,V003,Union Bank of India,ACCT1296127440,PFMS1385688,false,Vendor Selection,Pending,Under Review,Installed,Approved,48353.54,45715.33,,,2.93,false,2024-07-16,2024-09-11,2024-09-22,
APP100082,RSS-2024-100082,Karnataka,Bengaluru,WBSEDCL,Rural,SC,Residential Welfare Assoc.,Female,Rooftop Solar Subsidy,GreenVolt Energy,V002,State Bank of India,ACCT9424094882,PFMS9917512,false,Subsidy Request,Completed,Under Review,Installation Pending,Approved,141613.79,135742.71,,,8.81,false,2024-07-19,,,
APP100083,RSS-2024-100083,Maharashtra,Thane,JVVNL,Urban,ST,Residential,Female,Rooftop Solar Subsidy,Prakash Solar Solutions,V004,State Bank of India,ACCT9967524654,PFMS9396906,false,Application Submitted,In Progress,Not Feasible,Installation Pending,Approved,48353.03,42997.07,23724.49,,2.87,true,2024-05-07,2024-06-16,2024-07-26,2024-08-25
APP100084,RSS-2024-100084,West Bengal,Howrah,TSSPDCL,Rural,General,Residential,Male,Rooftop Solar Subsidy,Prakash Solar Solutions,V004,State Bank of India,ACCT8701070334,PFMS8534825,false,Vendor Selection,Completed,Under Review,Installation Pending,Scheduled,92517.85,90411.19,54538.96,,5.64,true,2024-07-10,2024-08-27,,
APP100085,RSS-2024-100085,Maharashtra,Nagpur,BESCOM,Rural,SC,Residential,Female,Rooftop Solar Subsidy,GreenVolt Energy,V002,Punjab National Bank,ACCT4992105494,PFMS1159615,false,Vendor Selection,In Progress,Under Review,Installed,Approved,27752.67,25293.29,13812.10,11481.19,1.80,true,2024-04-16,2024-05-30,2024-07-09,2024-07-23
APP100086,RSS-2024-100086,West Bengal,Nadia,BESCOM,Urban,OBC,Residential,Female,Rooftop Solar Subsidy,Suryodaya Installers,V003,State Bank of India,ACCT2207342059,PFMS2009895,false,Vendor Selection,Completed,Not Feasible,Installation Pending,Approved,47399.76,47290.01,26545.37,20744.64,3.09,true,2024-04-02,2024-04-10,2024-04-15,2024-05-05
APP100087,RSS-2024-100087,Maharashtra,Thane,WBSEDCL,Urban,OBC,Residential,Female,Rooftop Solar Subsidy,GreenVolt Energy,V002,State Bank of India,ACCT6468476878,PFMS1858586,false,Application Submitted,In Progress,Not Feasible,Installed,Approved,148585.24,138802.59,85067.11,,9.60,true,2024-06-01,2024-07-21,2024-07-29,2024-08-17
APP100088,RSS-2024-100088,Maharashtra,Nagpur,TSSPDCL,Urban,ST,Group Housing Society,Female,Rooftop Solar Subsidy,Prakash Solar Solutions,V004,State Bank of India,ACCT7623224434,PFMS3704999,false,Vendor Selection,In Progress,Under Review,Installed,Approved,28543.11,27657.50,,,1.78,false,2024-07-29,,,
APP100089,RSS-2024-100089,Maharashtra,Nagpur,JVVNL,Rural,SC,Residential,Male,Rooftop Solar Subsidy,Aditya Rooftop Co,V005,State Bank of India,ACCT1337091210,PFMS6655816,false,Vendor Selection,Completed,Under Review,Installed,Approved,118520.47,107465.18,,,7.18,false,2024-05-25,2024-06-16,2024-07-29,
APP100090,RSS-2024-100090,Maharashtra,Nashik,MSEDCL,Rural,OBC,Group Housing Society,Male,Rooftop Solar Subsidy,SunTech Solar Pvt Ltd,V001,Union Bank of India,ACCT1688171503,PFMS2876025,false,Vendor Selection,Completed,Feasible,Installation Pending,Scheduled,149674.99,143368.68,77020.17,66348.51,9.89,true,2024-08-17,2024-09-03,2024-10-02,2024-10-14
APP100091,RSS-2024-100091,Andhra Pradesh,Krishna,MSEDCL,Rural,ST,Residential Welfare Assoc.,Female,Rooftop Solar Subsidy,GreenVolt Energy,V002,Union Bank of India,ACCT7017519621,PFMS9835023,true,Vendor Selection,Pending,Feasible,Installed,Approved,44677.17,43551.06,,,2.54,false,2024-08-27,2024-09-25,2024-10-22,
APP100092,RSS-2024-100092,Rajasthan,Jodhpur,APSPDCL,Rural,ST,Residential,Male,Rooftop Solar Subsidy,SunTech Solar Pvt Ltd,V001,Bank of Baroda,ACCT6216238101,PFMS2093305,false,Feasibility Approval,Completed,Not Feasible,Installation Pending,Approved,22989.91,20785.27,,,1.41,false,2024-07-03,,,
APP100093,RSS-2024-100093,Andhra Pradesh,Krishna,WBSEDCL,Rural,General,Residential Welfare Assoc.,Male,Rooftop Solar Subsidy,SunTech Solar Pvt Ltd,V001,State Bank of India,ACCT9515322551,PFMS6185424,false,Vendor Selection,In Progress,Under Review,In Progress,Approved,19848.28,17013.91,,,1.11,false,2024-05-12,2024-05-20,2024-06-09,
APP100094,RSS-2024-100094,Karnataka,Bengaluru,TPCODL,Urban,General,Group Housing Society,Female,Rooftop Solar Subsidy,Aditya Rooftop Co,V005,State Bank of India,ACCT5674320004,PFMS8723174,false,Feasibility Approval,Completed,Not Feasible,Installed,Approved,77350.40,75792.01,,,5.15,false,2024-04-21,2024-06-04,2024-06-22,
APP100095,RSS-2024-100095,Andhra Pradesh,Krishna,WBSEDCL,Rural,ST,Residential Welfare Assoc.,Male,Rooftop Solar Subsidy,SunTech Solar Pvt Ltd,V001,Canara Bank,ACCT1078463182,PFMS9185043,false,Vendor Selection,In Progress,Under Review,Installed,Approved,33859.56,33595.28,17993.87,,2.09,true,2024-06-20,2024-06-30,2024-08-01,2024-08-28
APP100096,RSS-2024-100096,West Bengal,Howrah,TSSPDCL,Rural,OBC,Residential,Female,Rooftop Solar Subsidy,Suryodaya Installers,V003,Canara Bank,ACCT6025032157,PFMS8038160,false,Vendor Selection,Completed,Feasible,In Progress,Approved,86829.71,86241.27,,,5.74,false,2024-04-06,2024-05-16,,
APP100097,RSS-2024-100097,Maharashtra,Nashik,JVVNL,Urban,ST,Group Housing Society,Female,Rooftop Solar Subsidy,Aditya Rooftop Co,V005,Punjab National Bank,ACCT8714552105,PFMS9741186,false,Vendor Selection,Completed,Not Feasible,Installed,Scheduled,130530.48,120500.95,65259.29,55241.66,8.58,true,2024-04-21,2024-05-17,,
APP100098,RSS-2024-100098,Andhra Pradesh,Krishna,APSPDCL,Rural,OBC,Residential Welfare Assoc.,Male,Rooftop Solar Subsidy,SunTech Solar Pvt Ltd,V001,Canara Bank,ACCT4677098300,PFMS1435347,false,Vendor Selection,In Progress,Feasible,Installed,Approved,41519.33,39897.66,,,2.76,false,2024-04-06,2024-05-31,2024-07-02,
APP100099,RSS-2024-100099,Karnataka,Mysuru,TSSPDCL,Urban,ST,Residential,Male,Rooftop Solar Subsidy,Aditya Rooftop Co,V005,Union Bank of India,ACCT6968260920,PFMS9403447,false,Vendor Selection,In Progress,Under Review,Installed,Approved,109925.89,106659.43,,,6.45,false,2024-06-15,2024-07-04,2024-07-16,
APP100100,RSS-2024-100100,Gujarat,Surat,MSEDCL,Rural,SC,Group Housing Society,Male,Rooftop Solar Subsidy,GreenVolt Energy,V002,Union Bank of India,ACCT6670683496,PFMS9723654,false,Vendor Selection,Pending,Under Review,In Progress,Approved,81398.91,80919.93,46260.16,,4.68,true,2024-04-14,2024-05-28,2024-07-06,2024-07-29
APP100101,RSS-2024-100101,West Bengal,Nadia,APSPDCL,Urban,SC,Residential,Female,Rooftop Solar Subsidy,GreenVolt Energy,V002,State Bank of India,ACCT1314010979,PFMS6545099,false,Vendor Selection,Pending,Not Feasible,Installed,Approved,78067.23,73905.49,,,5.30,false,2024-04-09,2024-05-22,2024-06-04,
APP100102,RSS-2024-100102,West Bengal,Howrah,WBSEDCL,Rural,ST,Residential,Male,Rooftop Solar Subsidy,SunTech Solar Pvt Ltd,V001,State Bank of India,ACCT7779744827,PFMS5459804,false,Vendor Selection,Completed,Under Review,Installed,Approved,85136.95,82511.30,,,5.15,false,2024-09-18,,,
APP100103,RSS-2024-100103,Odisha,Cuttack,DGVCL,Rural,ST,Group Housing Society,Male,Rooftop Solar Subsidy,GreenVolt Energy,V002,State Bank of India,ACCT4576780232,PFMS2748456,false,Vendor Selection,Pending,Feasible,Installed,Approved,142486.63,131832.61,67087.30,64745.31,9.94,true,2024-06-14,2024-08-10,2024-09-03,2024-09-21
APP100104,RSS-2024-100104,Rajasthan,Jodhpur,BESCOM,Rural,SC,Residential,Male,Rooftop Solar Subsidy,Suryodaya Installers,V003,Bank of Baroda,ACCT6755598974,PFMS9016905,false,Subsidy Request,Pending,Under Review,In Progress,Approved,93221.77,88018.33,46662.32,41356.01,5.75,true,2024-05-05,2024-06-15,2024-07-12,2024-07-26
APP100105,RSS-2024-100105,West Bengal,Nadia,APSPDCL,Rural,OBC,Residential Welfare Assoc.,Female,Rooftop Solar Subsidy,Aditya Rooftop Co,V005,Punjab National Bank,ACCT6833955709,PFMS9844751,false,Vendor Selection,Pending,Not Feasible,Installation Pending,Approved,160059.01,152912.80,102657.88,50254.92,9.86,true,2024-05-16,2024-06-20,2024-07-12,2024-08-08
APP100106,RSS-2024-100106,Maharashtra,Pune,TPCODL,Rural,OBC,Residential Welfare Assoc.,Male,Rooftop Solar Subsidy,Prakash Solar Solutions,V004,Bank of Baroda,ACCT2181263312,PFMS1681151,false,Vendor Selection,Completed,Feasible,Installation Pending,Approved,102904.43,93228.02,,,6.42,false,2024-06-04,,,
APP100107,RSS-2024-100107,Maharashtra,Thane,APSPDCL,Urban,SC,Residential Welfare Assoc.,Male,Rooftop Solar Subsidy,Prakash Solar Solutions,V004,State Bank of India,ACCT8343251333,PFMS2211764,false,Application Submitted,In Progress,Feasible,Installed,Approved,28842.33,24562.12,,,1.90,false,2024-04-18,2024-06-07,,
APP100108,RSS-2024-100108,Rajasthan,Jodhpur,JVVNL,Rural,OBC,Group Housing Society,Male,Rooftop Solar Subsidy,SunTech Solar Pvt Ltd,V001,State Bank of India,ACCT2939193788,PFMS5061021,false,Vendor Selection,Pending,Feasible,Installation Pending,Approved,144719.12,127920.92,,,8.78,false,2024-04-20,2024-06-10,,
APP100109,RSS-2024-100109,Andhra Pradesh,Krishna,WBSEDCL,Urban,General,Group Housing Society,Male,Rooftop Solar Subsidy,Suryodaya Installers,V003,Bank of Baroda,ACCT8267010571,PFMS4621034,false,Feasibility Approval,Pending,Feasible,Installation Pending,Approved,46646.82,45199.73,,,2.64,false,2024-08-12,2024-09-23,2024-11-02,
APP100110,RSS-2024-100110,West Bengal,Hooghly,TPCODL,Urban,SC,Group Housing Society,Female,Rooftop Solar Subsidy,SunTech Solar Pvt Ltd,V001,Canara Bank,ACCT9962944578,PFMS3674155,false,Vendor Selection,Pending,Not Feasible,Installed,Approved,54099.07,51056.34,34145.19,16911.15,3.33,true,2024-06-14,2024-07-04,,
APP100111,RSS-2024-100111,Maharashtra,Nagpur,JVVNL,Urban,SC,Residential Welfare Assoc.,Male,Rooftop Solar Subsidy,Prakash Solar Solutions,V004,Bank of Baroda,ACCT1634958796,PFMS5313484,false,Vendor Selection,Completed,Under Review,Installation Pending,Approved,50827.66,49307.00,33193.32,16113.68,3.09,true,2024-06-26,2024-08-17,2024-09-24,2024-10-02
APP100112,RSS-2024-100112,Maharashtra,Nagpur,APSPDCL,Urban,OBC,Residential Welfare Assoc.,Female,Rooftop Solar Subsidy,Suryodaya Installers,V003,State Bank of India,ACCT9414860017,PFMS8477879,false,Vendor Selection,Completed,Under Review,Installed,Approved,85163.64,82461.01,,,6.04,false,2024-06-07,2024-07-31,2024-08-21,
APP100113,RSS-2024-100113,Maharashtra,Thane,BESCOM,Urban,General,Residential Welfare Assoc.,Female,Rooftop Solar Subsidy,SunTech Solar Pvt Ltd,V001,Canara Bank,ACCT6398302073,PFMS1380718,false,Vendor Selection,Completed,Under Review,Installation Pending,Approved,110420.90,105976.89,,,6.63,false,2024-04-22,2024-04-29,,
APP100114,RSS-2024-100114,Maharashtra,Thane,DGVCL,Rural,OBC,Residential,Male,Rooftop Solar Subsidy,Prakash Solar Solutions,V004,State Bank of India,ACCT2289377764,PFMS5372648,false,Vendor Selection,In Progress,Under Review,Installed,Approved,32457.97,31499.10,21989.45,,2.31,true,2024-07-31,2024-08-09,2024-09-08,2024-10-03
APP100115,RSS-2024-100115,Andhra Pradesh,Visakhapatnam,MSEDCL,Urban,ST,Residential,Male,Rooftop Solar Subsidy,SunTech Solar Pvt Ltd,V001,Union Bank of India,ACCT2126691486,PFMS3476310,false,Vendor Selection,Completed,Under Review,In Progress,Approved,101955.65,91609.89,,,6.05,false,2024-06-18,2024-08-02,2024-09-13,
APP100116,RSS-2024-100116,Rajasthan,Jaipur,MSEDCL,Urban,ST,Residential,Male,Rooftop Solar Subsidy,Suryodaya Installers,V003,State Bank of India,ACCT9335376216,PFMS2752223,false,Vendor Selection,Pending,Feasible,Installed,Approved,53952.50,50399.49,32034.19,18365.30,3.04,true,2024-09-27,2024-10-17,2024-11-09,2024-11-20
APP100117,RSS-2024-100117,Andhra Pradesh,Visakhapatnam,TSSPDCL,Urban,SC,Group Housing Society,Male,Rooftop Solar Subsidy,Prakash Solar Solutions,V004,Canara Bank,ACCT8099140614,PFMS6795836,false,Subsidy Request,Pending,Under Review,Installed,Scheduled,122873.36,115512.32,62454.69,53057.63,7.73,true,2024-07-28,2024-09-23,2024-10-29,2024-11-24
APP100118,RSS-2024-100118,Maharashtra,Nagpur,MSEDCL,Urban,General,Group Housing Society,Male,Rooftop Solar Subsidy,GreenVolt Energy,V002,Union Bank of India,ACCT1218003817,PFMS1347475,false,Vendor Selection,Completed,Not Feasible,Installed,Approved,86515.94,80851.08,,,4.96,false,2024-06-06,2024-07-11,2024-08-16,
APP100119,RSS-2024-100119,Andhra Pradesh,Krishna,DGVCL,Urban,General,Residential Welfare Assoc.,Male,Rooftop Solar Subsidy,Prakash Solar Solutions,V004,Punjab National Bank,ACCT8730841896,PFMS1250802,true,Vendor Selection,Completed,Feasible,Installed,Scheduled,146623.99,140370.88,94339.11,,9.20,true,2024-07-30,2024-08-13,2024-09-13,2024-10-08
APP100120,RSS-2024-100120,Odisha,Cuttack,TPCODL,Urban,OBC,Group Housing Society,Male,Rooftop Solar Subsidy,Prakash Solar Solutions,V004,State Bank of India,ACCT6247896108,PFMS7041849,false,Feasibility Approval,Pending,Feasible,Installed,Approved,138617.41,132191.68,80415.79,51775.89,8.71,true,2024-07-09,2024-07-27,2024-08-16,2024-09-03
APP100121,RSS-2024-100121,Andhra Pradesh,Krishna,DGVCL,Rural,ST,Group Housing Society,Female,Rooftop Solar Subsidy,Suryodaya Installers,V003,Canara Bank,ACCT6558109147,PFMS9503183,false,Feasibility Approval,Completed,Not Feasible,Installed,Approved,43261.14,42498.95,,,2.56,false,2024-04-21,2024-06-19,2024-07-19,
APP100122,RSS-2024-100122,Maharashtra,Pune,BESCOM,Rural,SC,Group Housing Society,Female,Rooftop Solar Subsidy,GreenVolt Energy,V002,Canara Bank,ACCT1403960659,PFMS5199682,false,Vendor Selection,Pending,Not Feasible,Installed,Scheduled,130593.97,124076.44,71305.57,52770.87,8.70,true,2024-07-29,2024-09-22,2024-11-04,2024-11-08
APP100123,RSS-2024-100123,Gujarat,Rajkot,JVVNL,Rural,SC,Residential Welfare Assoc.,Female,Rooftop Solar Subsidy,SunTech Solar Pvt Ltd,V001,State Bank of India,ACCT6265844265,PFMS1095124,false,Vendor Selection,Completed,Under Review,Installation Pending,Approved,154466.89,147774.52,81994.23,65780.29,9.54,true,2024-08-09,2024-09-11,2024-10-03,2024-10-18
APP100124,RSS-2024-100124,Telangana,Hyderabad,MSEDCL,Urban,General,Residential Welfare Assoc.,Male,Rooftop Solar Subsidy,Suryodaya Installers,V003,Bank of Baroda,ACCT2251191230,PFMS2570639,false,Vendor Selection,Completed,Not Feasible,Installed,Approved,86789.10,83985.97,45524.85,38461.12,5.44,true,2024-09-21,2024-10-20,2024-11-25,2024-12-06
APP100125,RSS-2024-100125,Karnataka,Bengaluru,MSEDCL,Urban,General,Residential,Male,Rooftop Solar Subsidy,Suryodaya Installers,V003,Bank of Baroda,ACCT5674851544,PFMS1627003,false,Vendor Selection,Pending,Not Feasible,Installation Pending,Approved,89096.17,82792.05,,,5.15,false,2024-06-29,,,
APP100126,RSS-2024-100126,Maharashtra,Thane,JVVNL,Rural,General,Residential Welfare Assoc.,Male,Rooftop Solar Subsidy,GreenVolt Energy,V002,State Bank of India,ACCT8438674176,PFMS2873250,false,Application Submitted,Completed,Under Review,Installed,Approved,137766.77,121992.69,,,8.57,false,2024-08-04,2024-09-29,2024-11-05,
APP100127,RSS-2024-100127,Maharashtra,Nashik,TSSPDCL,Rural,General,Residential Welfare Assoc.,Female,Rooftop Solar Subsidy,Aditya Rooftop Co,V005,State Bank of India,ACCT2919301538,PFMS3355637,true,Vendor Selection,Completed,Not Feasible,In Progress,Approved,103253.15,99532.35,64691.63,34840.72,6.12,true,2024-08-04,2024-09-13,2024-10-08,2024-10-11
APP100128,RSS-2024-100128,West Bengal,Howrah,BESCOM,Rural,SC,Residential Welfare Assoc.,Male,Rooftop Solar Subsidy,SunTech Solar Pvt Ltd,V001,State Bank of India,ACCT9156325019,PFMS1976582,false,Vendor Selection,Completed,Under Review,Installed,Returned for correction,63931.38,54554.25,32616.40,21937.85,4.11,true,2024-04-03,2024-05-01,2024-05-26,2024-06-25
APP100129,RSS-2024-100129,Maharashtra,Thane,BESCOM,Rural,General,Group Housing Society,Female,Rooftop Solar Subsidy,Suryodaya Installers,V003,State Bank of India,ACCT7438833683,PFMS4211280,false,Feasibility Approval,Pending,Not Feasible,Installed,Approved,24197.84,22395.30,11426.25,10969.05,1.71,true,2024-09-24,2024-10-16,,
APP100130,RSS-2024-100130,Maharashtra,Nagpur,APSPDCL,Rural,OBC,Residential Welfare Assoc.,Male,Rooftop Solar Subsidy,Aditya Rooftop Co,V005,Canara Bank,ACCT7173751995,PFMS8723174,false,Vendor Selection,Completed,Not Feasible,Installed,Approved,83851.21,79797.57,,,4.86,false,2024-07-14,,,
APP100131,RSS-2024-100131,Rajasthan,Jaipur,TSSPDCL,Rural,General,Group Housing Society,Female,Rooftop Solar Subsidy,SunTech Solar Pvt Ltd,V001,Bank of Baroda,ACCT5085833101,PFMS1968686,false,Vendor Selection,In Progress,Feasible,Installed,Approved,149071.95,133707.09,79326.66,54380.43,9.12,true,2024-09-16,2024-10-11,2024-11-18,2024-12-15
APP100132,RSS-2024-100132,Andhra Pradesh,Krishna,APSPDCL,Urban,ST,Residential Welfare Assoc.,Female,Rooftop Solar Subsidy,GreenVolt Energy,V002,State Bank of India,ACCT3653733496,PFMS9237964,false,Vendor Selection,Completed,Feasible,Installation Pending,Approved,147853.12,147441.83,,,9.99,false,2024-07-21,2024-09-05,2024-10-03,
APP100133,RSS-2024-100133,Telangana,Hyderabad,BESCOM,Rural,General,Group Housing Society,Female,Rooftop Solar Subsidy,Suryodaya Installers,V003,State Bank of India,ACCT1190358875,PFMS2631503,false,Vendor Selection,Pending,Feasible,Installation Pending,Approved,143333.47,127647.25,72197.04,55450.21,9.69,true,2024-07-26,2024-09-17,,
APP100134,RSS-2024-100134,Maharashtra,Pune,WBSEDCL,Rural,OBC,Group Housing Society,Male,Rooftop Solar Subsidy,Aditya Rooftop Co,V005,Union Bank of India,ACCT7023849942,PFMS4010744,false,Vendor Selection,Completed,Under Review,Installed,Approved,46070.25,39702.37,25895.28,13807.09,3.06,true,2024-09-10,2024-09-20,2024-10-25,2024-11-03
APP100135,RSS-2024-100135,Odisha,Khordha,BESCOM,Rural,OBC,Group Housing Society,Female,Rooftop Solar Subsidy,SunTech Solar Pvt Ltd,V001,Bank of Baroda,ACCT7017519621,PFMS3742341,true,Vendor Selection,Completed,Not Feasible,Installation Pending,Approved,68179.80,58068.70,36111.60,,4.04,true,2024-09-05,2024-10-20,2024-11-11,2024-12-10
APP100136,RSS-2024-100136,Rajasthan,Jodhpur,BESCOM,Rural,SC,Residential Welfare Assoc.,Female,Rooftop Solar Subsidy,Aditya Rooftop Co,V005,Canara Bank,ACCT2462291890,PFMS1315459,false,Vendor Selection,Completed,Not Feasible,In Progress,Approved,88150.14,79994.05,40519.13,39474.92,5.40,true,2024-09-11,2024-09-20,2024-10-03,2024-10-10
APP100137,RSS-2024-100137,Gujarat,Surat,WBSEDCL,Urban,ST,Residential Welfare Assoc.,Female,Rooftop Solar Subsidy,Aditya Rooftop Co,V005,State Bank of India,ACCT7131292787,PFMS2529476,false,Feasibility Approval,In Progress,Under Review,Installed,Approved,131257.63,112306.46,56854.52,55451.94,9.16,true,2024-07-21,2024-09-11,,
APP100138,RSS-2024-100138,Maharashtra,Nagpur,APSPDCL,Urban,General,Group Housing Society,Male,Rooftop Solar Subsidy,Prakash Solar Solutions,V004,State Bank of India,ACCT7579281191,PFMS1577008,false,Vendor Selection,Pending,Not Feasible,Installed,Approved,170165.40,157968.47,98336.69,,9.92,true,2024-07-18,2024-08-02,,
APP100139,RSS-2024-100139,Maharashtra,Thane,BESCOM,Urban,General,Group Housing Society,Male,Rooftop Solar Subsidy,Aditya Rooftop Co,V005,Punjab National Bank,ACCT3802547119,PFMS4863497,false,Vendor Selection,Pending,Feasible,Installed,Approved,158992.65,148472.00,,,9.31,false,2024-07-09,2024-08-04,,
APP100140,RSS-2024-100140,Gujarat,Surat,WBSEDCL,Urban,ST,Residential,Female,Rooftop Solar Subsidy,GreenVolt Energy,V002,State Bank of India,ACCT4918736542,PFMS4270920,false,Vendor Selection,Pending,Feasible,Installed,Approved,66159.40,62548.63,33727.33,,4.58,true,2024-07-13,2024-09-04,2024-10-01,2024-10-22
APP100141,RSS-2024-100141,Telangana,Warangal,TPCODL,Urban,General,Residential Welfare Assoc.,Female,Rooftop Solar Subsidy,Aditya Rooftop Co,V005,State Bank of India,ACCT5734876732,PFMS2109493,false,Subsidy Request,In Progress,Under Review,Installed,Approved,99850.11,91210.70,,,6.38,false,2024-07-14,2024-07-22,,
APP100142,RSS-2024-100142,Maharashtra,Pune,TSSPDCL,Urban,General,Residential,Female,Rooftop Solar Subsidy,Prakash Solar Solutions,V004,State Bank of India,ACCT5762447197,PFMS4478414,false,Vendor Selection,Pending,Not Feasible,Installed,Approved,149609.70,135408.11,70820.27,64587.84,8.82,true,2024-06-18,2024-08-03,2024-08-10,2024-09-05
APP100143,RSS-2024-100143,Rajasthan,Jodhpur,JVVNL,Urban,ST,Residential Welfare Assoc.,Female,Rooftop Solar Subsidy,Aditya Rooftop Co,V005,Union Bank of India,ACCT4747158456,PFMS9973163,false,Application Submitted,Completed,Feasible,Installed,Approved,80763.33,73260.23,37275.66,,5.45,true,2024-09-07,2024-09-27,2024-10-30,2024-11-27
APP100144,RSS-2024-100144,West Bengal,Nadia,TSSPDCL,Urban,SC,Residential Welfare Assoc.,Male,Rooftop Solar Subsidy,Aditya Rooftop Co,V005,Canara Bank,ACCT2193621825,PFMS7597078,true,Vendor Selection,Pending,Under Review,Installed,Approved,98200.30,90023.88,,,6.23,false,2024-09-04,2024-10-13,2024-11-02,
APP100145,RSS-2024-100145,Telangana,Hyderabad,WBSEDCL,Urban,ST,Residential,Male,Rooftop Solar Subsidy,SunTech Solar Pvt Ltd,V001,State Bank of India,ACCT8091608933,PFMS6512376,false,Vendor Selection,In Progress,Not Feasible,Installation Pending,Approved,69219.51,62605.81,38974.70,23631.11,4.93,true,2024-05-21,2024-07-11,2024-07-28,2024-08-20
APP100146,RSS-2024-100146,West Bengal,Howrah,JVVNL,Rural,General,Residential Welfare Assoc.,Male,Rooftop Solar Subsidy,SunTech Solar Pvt Ltd,V001,Canara Bank,ACCT4546956399,PFMS3487648,false,Vendor Selection,In Progress,Feasible,Installed,Approved,112769.24,111344.23,61367.32,49976.91,6.64,true,2024-09-12,2024-10-18,2024-11-10,2024-11-29
APP100147,RSS-2024-100147,Maharashtra,Pune,WBSEDCL,Rural,OBC,Group Housing Society,Male,Rooftop Solar Subsidy,SunTech Solar Pvt Ltd,V001,Bank of Baroda,ACCT8855918383,PFMS6252663,false,Vendor Selection,Completed,Under Review,Installed,Scheduled,114101.54,111462.20,73554.23,37907.97,7.10,true,2024-06-28,2024-07-24,2024-08-14,2024-08-19
APP100148,RSS-2024-100148,Maharashtra,Thane,TPCODL,Rural,OBC,Group Housing Society,Female,Rooftop Solar Subsidy,Aditya Rooftop Co,V005,State Bank of India,ACCT9396524430,PFMS5764128,false,Vendor Selection,In Progress,Not Feasible,Installed,Approved,119904.13,112600.21,,,7.01,false,2024-05-03,2024-06-26,,
APP100149,RSS-2024-100149,Andhra Pradesh,Visakhapatnam,APSPDCL,Urban,ST,Residential Welfare Assoc.,Female,Rooftop Solar Subsidy,Suryodaya Installers,V003,State Bank of India,ACCT6673329231,PFMS1804773,false,Vendor Selection,Completed,Under Review,Installed,Returned for correction,93675.80,89349.81,55394.21,33955.60,6.48,true,2024-07-07,2024-08-23,2024-10-07,2024-11-03
APP100150,RSS-2024-100150,Rajasthan,Jodhpur,TSSPDCL,Rural,SC,Group Housing Society,Male,Rooftop Solar Subsidy,Suryodaya Installers,V003,Bank of Baroda,ACCT4752597842,PFMS5338475,false,Vendor Selection,Completed,Feasible,Installed,Approved,18953.02,18120.32,11026.94,,1.09,true,2024-08-26,2024-09-14,2024-10-25,2024-11-20
APP100151,RSS-2024-100151,Maharashtra,Nashik,BESCOM,Rural,ST,Residential Welfare Assoc.,Female,Rooftop Solar Subsidy,SunTech Solar Pvt Ltd,V001,Punjab National Bank,ACCT4427529856,PFMS3819374,false,Vendor Selection,Pending,Feasible,Installation Pending,Approved,150949.64,129136.79,74025.37,55111.42,8.42,true,2024-08-27,2024-09-26,,
APP100152,RSS-2024-100152,Maharashtra,Pune,APSPDCL,Urban,General,Residential,Female,Rooftop Solar Subsidy,Aditya Rooftop Co,V005,Bank of Baroda,ACCT4718801531,PFMS1862444,false,Vendor Selection,Pending,Feasible,Installed,Approved,71524.98,67461.54,38696.40,,4.08,true,2024-09-05,2024-09-22,,
APP100153,RSS-2024-100153,Maharashtra,Nashik,TSSPDCL,Rural,General,Residential,Female,Rooftop Solar Subsidy,Prakash Solar Solutions,V004,State Bank of India,ACCT8366052759,PFMS6841150,false,Vendor Selection,Pending,Under Review,Installed,Approved,113198.10,112438.30,,,7.61,false,2024-04-04,2024-05-24,2024-06-18,
APP100154,RSS-2024-100154,Maharashtra,Nashik,TSSPDCL,Urban,General,Group Housing Society,Female,Rooftop Solar Subsidy,SunTech Solar Pvt Ltd,V001,Bank of Baroda,ACCT3004752258,PFMS9943357,false,Vendor Selection,In Progress,Under Review,In Progress,Approved,143125.43,133632.81,,,8.61,false,2024-08-18,2024-09-07,,
APP100155,RSS-2024-100155,Rajasthan,Jodhpur,DGVCL,Rural,SC,Residential Welfare Assoc.,Female,Rooftop Solar Subsidy,Aditya Rooftop Co,V005,State Bank of India,ACCT2707652951,PFMS5740911,false,Vendor Selection,Pending,Feasible,Installation Pending,Approved,83443.46,74455.78,,,4.71,false,2024-04-11,2024-04-21,2024-04-30,
APP100156,RSS-2024-100156,West Bengal,Hooghly,MSEDCL,Rural,SC,Residential Welfare Assoc.,Male,Rooftop Solar Subsidy,GreenVolt Energy,V002,State Bank of India,ACCT5600695649,PFMS6472477,false,Vendor Selection,Pending,Not Feasible,Installed,Approved,95963.26,89731.80,,,6.56,false,2024-08-26,2024-09-13,2024-10-10,
APP100157,RSS-2024-100157,Gujarat,Surat,MSEDCL,Urban,OBC,Residential Welfare Assoc.,Female,Rooftop Solar Subsidy,Prakash Solar Solutions,V004,Punjab National Bank,ACCT6912145276,PFMS2383763,false,Feasibility Approval,In Progress,Feasible,Installed,Scheduled,23610.84,21342.20,13055.13,8287.07,1.52,true,2024-07-29,2024-09-06,2024-09-27,2024-10-18
APP100158,RSS-2024-100158,Maharashtra,Thane,WBSEDCL,Urban,SC,Residential Welfare Assoc.,Male,Rooftop Solar Subsidy,Aditya Rooftop Co,V005,Union Bank of India,ACCT3806065066,PFMS8266549,false,Vendor Selection,Pending,Under Review,Installed,Approved,132065.15,125275.74,82898.11,42377.63,7.94,true,2024-05-02,2024-05-29,,
APP100159,RSS-2024-100159,Rajasthan,Jodhpur,TSSPDCL,Urban,OBC,Residential,Female,Rooftop Solar Subsidy,SunTech Solar Pvt Ltd,V001,Bank of Baroda,ACCT6460280003,PFMS4565534,false,Vendor Selection,In Progress,Feasible,In Progress,Scheduled,78172.83,66708.10,34773.45,31934.65,4.60,true,2024-06-19,2024-07-29,2024-08-16,2024-08-26
APP100160,RSS-2024-100160,Maharashtra,Thane,DGVCL,Urban,OBC,Group Housing Society,Female,Rooftop Solar Subsidy,Aditya Rooftop Co,V005,Punjab National Bank,ACCT7384231661,PFMS2232978,false,Vendor Selection,In Progress,Under Review,Installed,Approved,35635.12,33557.10,,,2.07,false,2024-08-01,2024-09-06,2024-10-06,
APP100161,RSS-2024-100161,Karnataka,Bengaluru,JVVNL,Urban,OBC,Residential Welfare Assoc.,Female,Rooftop Solar Subsidy,GreenVolt Energy,V002,State Bank of India,ACCT3980090681,PFMS4012271,false,Vendor Selection,Completed,Feasible,Installed,Approved,108489.90,93180.39,56208.37,,7.00,true,2024-07-10,2024-08-14,2024-09-01,2024-09-24
APP100162,RSS-2024-100162,Maharashtra,Nashik,APSPDCL,Urban,OBC,Residential Welfare Assoc.,Male,Rooftop Solar Subsidy,Aditya Rooftop Co,V005,Canara Bank,ACCT7219430729,PFMS5465335,false,Application Submitted,Pending,Not Feasible,Installation Pending,Scheduled,38701.58,38120.34,24666.67,13453.67,2.27,true,2024-07-19,2024-08-04,2024-08-22,2024-08-29
APP100163,RSS-2024-100163,Andhra Pradesh,Krishna,MSEDCL,Rural,General,Residential Welfare Assoc.,Male,Rooftop Solar Subsidy,GreenVolt Energy,V002,State Bank of India,ACCT6273274285,PFMS7704896,false,Vendor Selection,Completed,Feasible,Installed,Scheduled,131577.60,114582.88,77507.68,,8.17,true,2024-04-07,2024-05-12,,
APP100164,RSS-2024-100164,Maharashtra,Nashik,TSSPDCL,Rural,General,Group Housing Society,Female,Rooftop Solar Subsidy,Prakash Solar Solutions,V004,Union Bank of India,ACCT2752668510,PFMS6754715,false,Vendor Selection,Completed,Feasible,Installed,Approved,136737.66,127996.48,,,8.26,false,2024-06-14,2024-06-25,2024-08-08,
APP100165,RSS-2024-100165,Andhra Pradesh,Guntur,TSSPDCL,Urban,OBC,Residential Welfare Assoc.,Female,Rooftop Solar Subsidy,Prakash Solar Solutions,V004,State Bank of India,ACCT2511650836,PFMS8562766,false,Vendor Selection,Pending,Not Feasible,Installed,Scheduled,43833.71,40579.32,27723.34,,2.51,true,2024-05-07,2024-05-25,2024-07-07,2024-07-27
APP100166,RSS-2024-100166,Telangana,Hyderabad,APSPDCL,Urban,OBC,Group Housing Society,Female,Rooftop Solar Subsidy,SunTech Solar Pvt Ltd,V001,State Bank of India,ACCT3008864034,PFMS2778709,false,Vendor Selection,Pending,Not Feasible,Installed,Approved,44962.53,43768.08,26350.45,,3.09,true,2024-09-16,2024-11-07,2024-12-21,2024-12-29
APP100167,RSS-2024-100167,Maharashtra,Pune,JVVNL,Urban,SC,Group Housing Society,Male,Rooftop Solar Subsidy,SunTech Solar Pvt Ltd,V001,State Bank of India,ACCT7080033964,PFMS4323522,false,Vendor Selection,In Progress,Not Feasible,Installed,Approved,70797.11,66538.85,41282.51,25256.34,4.83,true,2024-06-18,2024-07-01,,
APP100168,RSS-2024-100168,West Bengal,Hooghly,TSSPDCL,Urban,SC,Residential Welfare Assoc.,Male,Rooftop Solar Subsidy,Suryodaya Installers,V003,Canara Bank,ACCT3153621630,PFMS1147237,false,Vendor Selection,Completed,Under Review,Installation Pending,Approved,160857.84,136740.77,,,9.41,false,2024-06-04,2024-07-26,2024-07-31,
APP100169,RSS-2024-100169,Telangana,Hyderabad,WBSEDCL,Urban,SC,Residential,Male,Rooftop Solar Subsidy,GreenVolt Energy,V002,Punjab National Bank,ACCT4890786224,PFMS7897254,false,Feasibility Approval,Completed,Feasible,Installed,Approved,64972.57,56580.00,,,4.25,false,2024-04-16,2024-06-06,2024-06-19,
APP100170,RSS-2024-100170,West Bengal,Howrah,BESCOM,Rural,ST,Group Housing Society,Female,Rooftop Solar Subsidy,GreenVolt Energy,V002,State Bank of India,ACCT8759358147,PFMS8317983,false,Vendor Selection,Completed,Feasible,Installed,Approved,57453.30,54458.26,38055.32,16402.94,3.22,true,2024-09-05,2024-10-21,2024-10-27,2024-10-31
APP100171,RSS-2024-100171,Maharashtra,Pune,JVVNL,Rural,SC,Residential,Female,Rooftop Solar Subsidy,Prakash Solar Solutions,V004,State Bank of India,ACCT8325479306,PFMS1041027,false,Vendor Selection,In Progress,Under Review,Installation Pending,Approved,17720.96,16932.94,,,1.11,false,2024-05-18,2024-06-23,,
APP100172,RSS-2024-100172,Gujarat,Vadodara,APSPDCL,Rural,SC,Group Housing Society,Female,Rooftop Solar Subsidy,Suryodaya Installers,V003,State Bank of India,ACCT6801921537,PFMS5147989,false,Vendor Selection,In Progress,Feasible,Installed,Approved,82990.90,82400.17,50466.30,31933.87,5.92,true,2024-07-13,2024-08-18,,
APP100173,RSS-2024-100173,West Bengal,Howrah,WBSEDCL,Urban,ST,Residential Welfare Assoc.,Male,Rooftop Solar Subsidy,SunTech Solar Pvt Ltd,V001,Bank of Baroda,ACCT7609027206,PFMS5650548,false,Vendor Selection,In Progress,Under Review,Installed,Approved,43445.06,37034.54,,,2.88,false,2024-08-05,,,
APP100174,RSS-2024-100174,Andhra Pradesh,Guntur,WBSEDCL,Urban,ST,Residential Welfare Assoc.,Male,Rooftop Solar Subsidy,Prakash Solar Solutions,V004,Bank of Baroda,ACCT8592959692,PFMS9821397,false,Vendor Selection,Pending,Feasible,Installed,Scheduled,53733.37,50593.67,,,3.75,false,2024-06-27,,,
APP100175,RSS-2024-100175,Maharashtra,Pune,APSPDCL,Rural,ST,Group Housing Society,Female,Rooftop Solar Subsidy,GreenVolt Energy,V002,State Bank of India,ACCT9731345153,PFMS3338587,false,Subsidy Request,In Progress,Not Feasible,In Progress,Approved,153190.11,146821.70,101963.13,44858.57,9.90,true,2024-08-08,2024-09-20,2024-09-25,2024-09-30
APP100176,RSS-2024-100176,West Bengal,Nadia,MSEDCL,Rural,General,Residential Welfare Assoc.,Female,Rooftop Solar Subsidy,GreenVolt Energy,V002,State Bank of India,ACCT9289753016,PFMS1493453,false,Vendor Selection,Completed,Under Review,Installed,Approved,129300.79,119550.87,80725.43,38825.44,9.17,true,2024-09-11,2024-10-01,2024-10-07,2024-10-22
APP100177,RSS-2024-100177,Andhra Pradesh,Guntur,DGVCL,Rural,ST,Group Housing Society,Male,Rooftop Solar Subsidy,GreenVolt Energy,V002,State Bank of India,ACCT6550194828,PFMS3847609,false,Feasibility Approval,Completed,Under Review,Installation Pending,Approved,110581.47,109297.44,56800.58,52496.86,7.05,true,2024-07-19,2024-07-26,,
APP100178,RSS-2024-100178,Rajasthan,Jodhpur,WBSEDCL,Urban,General,Residential Welfare Assoc.,Male,Rooftop Solar Subsidy,SunTech Solar Pvt Ltd,V001,State Bank of India,ACCT7880820226,PFMS9917512,false,Vendor Selection,Pending,Not Feasible,Installed,Approved,90958.16,80176.66,49325.36,30851.30,6.33,true,2024-06-15,2024-07-26,2024-08-06,2024-09-02
APP100179,RSS-2024-100179,Odisha,Khordha,MSEDCL,Urban,OBC,Residential,Female,Rooftop Solar Subsidy,SunTech Solar Pvt Ltd,V001,State Bank of India,ACCT5422803562,PFMS5825426,false,Subsidy Request,Completed,Feasible,Installed,Approved,90293.91,80253.56,44373.32,35880.24,5.03,true,2024-08-24,2024-09-02,,
APP100180,RSS-2024-100180,Karnataka,Mysuru,MSEDCL,Urban,ST,Group Housing Society,Female,Rooftop Solar Subsidy,Suryodaya Installers,V003,State Bank of India,ACCT2919301538,PFMS3847609,true,Vendor Selection,Pending,Not Feasible,In Progress,Scheduled,158954.96,135741.82,,,9.93,false,2024-08-25,2024-09-27,2024-11-03,
APP100181,RSS-2024-100181,Gujarat,Vadodara,MSEDCL,Urban,General,Group Housing Society,Female,Rooftop Solar Subsidy,Aditya Rooftop Co,V005,State Bank of India,ACCT2098392706,PFMS9874325,false,Vendor Selection,Completed,Under Review,In Progress,Returned for correction,76236.43,68692.86,,,4.33,false,2024-07-27,2024-08-09,,
APP100182,RSS-2024-100182,Rajasthan,Jodhpur,TPCODL,Urban,OBC,Group Housing Society,Female,Rooftop Solar Subsidy,Prakash Solar Solutions,V004,Punjab National Bank,ACCT7114150315,PFMS8625240,false,Vendor Selection,Completed,Feasible,Installed,Approved,23883.54,22898.01,16023.32,,1.46,true,2024-07-04,2024-08-01,2024-09-09,2024-10-07
APP100183,RSS-2024-100183,Odisha,Khordha,TSSPDCL,Rural,SC,Residential Welfare Assoc.,Female,Rooftop Solar Subsidy,Aditya Rooftop Co,V005,State Bank of India,ACCT2789765725,PFMS1036498,false,Subsidy Request,In Progress,Under Review,Installed,Approved,68083.62,64756.13,,,4.22,false,2024-06-06,2024-07-29,2024-09-04,
APP100184,RSS-2024-100184,Rajasthan,Jodhpur,MSEDCL,Rural,OBC,Group Housing Society,Male,Rooftop Solar Subsidy,Prakash Solar Solutions,V004,Bank of Baroda,ACCT9124432004,PFMS2712782,true,Application Submitted,Completed,Under Review,Installed,Approved,55110.45,54184.98,,,3.87,false,2024-05-14,,,
APP100185,RSS-2024-100185,Maharashtra,Pune,TSSPDCL,Rural,ST,Residential Welfare Assoc.,Female,Rooftop Solar Subsidy,GreenVolt Energy,V002,Punjab National Bank,ACCT7164999438,PFMS5821517,false,Vendor Selection,In Progress,Under Review,Installed,Approved,28725.16,24727.95,12556.27,12171.68,1.69,true,2024-07-10,2024-08-14,,
APP100186,RSS-2024-100186,Andhra Pradesh,Krishna,WBSEDCL,Urban,General,Residential Welfare Assoc.,Female,Rooftop Solar Subsidy,Prakash Solar Solutions,V004,State Bank of India,ACCT1407138896,PFMS6906911,false,Application Submitted,Pending,Not Feasible,Installed,Approved,127082.82,124118.72,76214.13,,7.66,true,2024-04-29,2024-06-13,,
APP100187,RSS-2024-100187,Gujarat,Rajkot,BESCOM,Rural,ST,Residential,Male,Rooftop Solar Subsidy,Suryodaya Installers,V003,State Bank of India,ACCT1533734701,PFMS5491489,false,Vendor Selection,Pending,Not Feasible,Installed,Approved,67792.29,60530.05,34057.09,26472.96,4.12,true,2024-08-30,2024-10-07,2024-11-05,2024-11-15
APP100188,RSS-2024-100188,Maharashtra,Nashik,BESCOM,Urban,SC,Residential Welfare Assoc.,Male,Rooftop Solar Subsidy,SunTech Solar Pvt Ltd,V001,Canara Bank,ACCT8346029227,PFMS6120707,false,Vendor Selection,Completed,Under Review,Installed,Approved,37764.64,37451.26,,,2.14,false,2024-04-03,2024-04-22,,
APP100189,RSS-2024-100189,Maharashtra,Nashik,TSSPDCL,Urban,ST,Residential Welfare Assoc.,Female,Rooftop Solar Subsidy,GreenVolt Energy,V002,Punjab National Bank,ACCT4766048809,PFMS7190638,false,Vendor Selection,Pending,Feasible,Installation Pending,Approved,109392.39,96258.22,58774.90,37483.32,7.36,true,2024-06-25,2024-07-11,2024-07-16,2024-08-13
APP100190,RSS-2024-100190,West Bengal,Hooghly,MSEDCL,Rural,SC,Residential,Male,Rooftop Solar Subsidy,Suryodaya Installers,V003,State Bank of India,ACCT9498342814,PFMS2460368,false,Vendor Selection,In Progress,Feasible,Installed,Approved,50832.16,43924.63,,,3.58,false,2024-08-04,2024-10-02,,
APP100191,RSS-2024-100191,Andhra Pradesh,Guntur,DGVCL,Urban,OBC,Residential Welfare Assoc.,Male,Rooftop Solar Subsidy,SunTech Solar Pvt Ltd,V001,State Bank of India,ACCT1853929753,PFMS7633906,false,Feasibility Approval,Completed,Under Review,Installed,Approved,29444.92,27574.90,15235.62,,1.74,true,2024-04-28,2024-05-19,,
APP100192,RSS-2024-100192,Gujarat,Vadodara,APSPDCL,Rural,ST,Residential Welfare Assoc.,Male,Rooftop Solar Subsidy,Suryodaya Installers,V003,State Bank of India,ACCT2700738493,PFMS2639232,false,Vendor Selection,In Progress,Feasible,Installed,Approved,43418.31,43398.96,,,3.09,false,2024-06-19,2024-08-17,2024-09-28,
APP100193,RSS-2024-100193,Maharashtra,Nagpur,DGVCL,Rural,General,Residential Welfare Assoc.,Female,Rooftop Solar Subsidy,SunTech Solar Pvt Ltd,V001,State Bank of India,ACCT1041007721,PFMS9483865,false,Vendor Selection,In Progress,Not Feasible,Installation Pending,Approved,107450.66,100573.04,59625.14,40947.90,7.05,true,2024-05-20,2024-07-04,2024-08-16,2024-08-21
APP100194,RSS-2024-100194,Maharashtra,Nagpur,MSEDCL,Urban,SC,Group Housing Society,Male,Rooftop Solar Subsidy,Prakash Solar Solutions,V004,Canara Bank,ACCT5346700165,PFMS5778834,false,Vendor Selection,Pending,Not Feasible,Installed,Returned for correction,73414.47,68333.34,39537.99,28795.35,5.20,true,2024-08-17,2024-09-27,2024-11-01,2024-11-18
APP100195,RSS-2024-100195,Andhra Pradesh,Guntur,TSSPDCL,Rural,OBC,Residential Welfare Assoc.,Female,Rooftop Solar Subsidy,Aditya Rooftop Co,V005,Punjab National Bank,ACCT7017519621,PFMS1918828,true,Vendor Selection,Completed,Feasible,Installed,Approved,20331.15,18193.81,,,1.21,false,2024-05-09,2024-05-21,2024-06-10,
APP100196,RSS-2024-100196,Maharashtra,Nagpur,MSEDCL,Rural,ST,Residential,Female,Rooftop Solar Subsidy,Suryodaya Installers,V003,State Bank of India,ACCT1951504004,PFMS5476451,false,Vendor Selection,In Progress,Feasible,Installed,Approved,70894.41,62565.68,,,4.91,false,2024-07-06,2024-07-24,2024-08-04,
APP100197,RSS-2024-100197,Telangana,Hyderabad,DGVCL,Urban,ST,Group Housing Society,Male,Rooftop Solar Subsidy,GreenVolt Energy,V002,State Bank of India,ACCT4837268717,PFMS6068905,false,Vendor Selection,In Progress,Not Feasible,Installed,Approved,108956.38,92859.35,62803.27,,7.58,true,2024-09-20,2024-11-04,2024-11-16,2024-12-07
APP100198,RSS-2024-100198,Maharashtra,Thane,BESCOM,Rural,General,Residential Welfare Assoc.,Female,Rooftop Solar Subsidy,Aditya Rooftop Co,V005,State Bank of India,ACCT1224474419,PFMS7980794,false,Vendor Selection,Pending,Under Review,Installed,Approved,45684.27,43410.45,,,2.72,false,2024-08-04,2024-08-20,,
APP100199,RSS-2024-100199,Andhra Pradesh,Visakhapatnam,APSPDCL,Rural,OBC,Group Housing Society,Female,Rooftop Solar Subsidy,SunTech Solar Pvt Ltd,V001,State Bank of India,ACCT2978563191,PFMS7281444,false,Vendor Selection,In Progress,Under Review,Installed,Approved,138779.17,129444.03,,,9.49,false,2024-04-21,,,
APP100200,RSS-2024-100200,Andhra Pradesh,Krishna,TSSPDCL,Urban,OBC,Group Housing Society,Male,Rooftop Solar Subsidy,SunTech Solar Pvt Ltd,V001,Bank of Baroda,ACCT2186871289,PFMS5051522,false,Vendor Selection,Completed,Not Feasible,Installed,Approved,90090.86,83472.90,56192.13,27280.77,6.20,true,2024-07-01,2024-07-22,,
APP100201,RSS-2024-100201,Maharashtra,Pune,MSEDCL,Urban,ST,Group Housing Society,Male,Rooftop Solar Subsidy,GreenVolt Energy,V002,Canara Bank,ACCT5528873390,PFMS8723174,false,Vendor Selection,Pending,Not Feasible,In Progress,Approved,43012.34,42793.68,26110.31,,2.82,true,2024-05-08,2024-06-27,2024-07-13,2024-07-23
APP100202,RSS-2024-100202,Maharashtra,Nashik,DGVCL,Rural,SC,Residential Welfare Assoc.,Female,Rooftop Solar Subsidy,Suryodaya Installers,V003,State Bank of India,ACCT1956511162,PFMS8364628,false,Vendor Selection,Completed,Under Review,Installed,Approved,114736.55,98393.92,,,7.77,false,2024-04-27,2024-05-12,,
APP100203,RSS-2024-100203,Gujarat,Rajkot,WBSEDCL,Rural,OBC,Residential Welfare Assoc.,Male,Rooftop Solar Subsidy,SunTech Solar Pvt Ltd,V001,Punjab National Bank,ACCT4840435608,PFMS7230696,false,Vendor Selection,Completed,Not Feasible,Installed,Approved,15343.81,13470.32,8940.58,4529.74,1.06,true,2024-07-02,2024-07-19,2024-08-06,2024-08-26
APP100204,RSS-2024-100204,Maharashtra,Pune,MSEDCL,Rural,SC,Residential,Male,Rooftop Solar Subsidy,Suryodaya Installers,V003,State Bank of India,ACCT9978728997,PFMS1384512,false,Vendor Selection,Pending,Feasible,Installed,Approved,100183.41,91714.45,,,7.06,false,2024-06-30,2024-08-11,2024-09-01,
APP100205,RSS-2024-100205,Maharashtra,Pune,WBSEDCL,Urban,ST,Group Housing Society,Male,Rooftop Solar Subsidy,Prakash Solar Solutions,V004,Canara Bank,ACCT9464442155,PFMS4666278,false,Vendor Selection,In Progress,Not Feasible,Installation Pending,Approved,167065.91,164959.42,101475.38,63484.04,9.32,true,2024-06-05,2024-06-26,2024-07-14,2024-07-31
APP100206,RSS-2024-100206,Gujarat,Rajkot,TSSPDCL,Rural,General,Residential,Female,Rooftop Solar Subsidy,Suryodaya Installers,V003,State Bank of India,ACCT1253224465,PFMS2400591,false,Vendor Selection,In Progress,Under Review,Installed,Approved,19822.76,19081.18,,,1.12,false,2024-06-29,,,
APP100207,RSS-2024-100207,Karnataka,Bengaluru,APSPDCL,Rural,General,Residential,Male,Rooftop Solar Subsidy,SunTech Solar Pvt Ltd,V001,Canara Bank,ACCT1450411067,PFMS9326877,false,Vendor Selection,Pending,Under Review,Installation Pending,Approved,165203.82,151557.53,91679.75,,9.71,true,2024-05-13,2024-06-29,2024-07-26,2024-08-22
APP100208,RSS-2024-100208,Andhra Pradesh,Krishna,TPCODL,Rural,SC,Group Housing Society,Male,Rooftop Solar Subsidy,SunTech Solar Pvt Ltd,V001,State Bank of India,ACCT4796567672,PFMS9606925,false,Vendor Selection,In Progress,Feasible,Installed,Approved,73425.66,66023.16,35502.73,30520.43,4.97,true,2024-09-17,2024-10-07,,
APP100209,RSS-2024-100209,Rajasthan,Jodhpur,TPCODL,Urban,SC,Group Housing Society,Male,Rooftop Solar Subsidy,Suryodaya Installers,V003,State Bank of India,ACCT3559602712,PFMS7295395,false,Vendor Selection,In Progress,Under Review,Installation Pending,Approved,106024.00,101895.45,52056.13,49839.32,7.49,true,2024-05-20,2024-06-10,2024-06-29,2024-07-09
APP100210,RSS-2024-100210,Maharashtra,Pune,JVVNL,Rural,ST,Residential,Female,Rooftop Solar Subsidy,Prakash Solar Solutions,V004,State Bank of India,ACCT1775971104,PFMS6330334,false,Vendor Selection,In Progress,Not Feasible,Installation Pending,Approved,157592.00,153850.37,,,9.18,false,2024-09-17,2024-10-09,2024-11-02,
APP100211,RSS-2024-100211,Maharashtra,Thane,MSEDCL,Urban,OBC,Residential Welfare Assoc.,Female,Rooftop Solar Subsidy,GreenVolt Energy,V002,Bank of Baroda,ACCT6812414942,PFMS7598321,false,Vendor Selection,Pending,Feasible,Installed,Approved,155963.01,141351.76,87564.52,53787.24,9.78,true,2024-07-15,2024-08-01,2024-09-06,2024-09-18
APP100212,RSS-2024-100212,Gujarat,Vadodara,APSPDCL,Rural,OBC,Residential Welfare Assoc.,Male,Rooftop Solar Subsidy,GreenVolt Energy,V002,Union Bank of India,ACCT8964214000,PFMS7010252,false,Vendor Selection,Pending,Under Review,In Progress,Approved,63314.91,61106.07,,,3.96,false,2024-06-20,,,
APP100213,RSS-2024-100213,Maharashtra,Thane,APSPDCL,Urban,ST,Group Housing Society,Female,Rooftop Solar Subsidy,Aditya Rooftop Co,V005,State Bank of India,ACCT5686914446,PFMS3811075,false,Vendor Selection,Completed,Feasible,Installed,Approved,50426.68,49330.06,,,2.90,false,2024-06-27,2024-07-11,,
APP100214,RSS-2024-100214,West Bengal,Howrah,WBSEDCL,Rural,SC,Group Housing Society,Male,Rooftop Solar Subsidy,SunTech Solar Pvt Ltd,V001,State Bank of India,ACCT4914596667,PFMS2314525,false,Feasibility Approval,Pending,Not Feasible,In Progress,Approved,166156.04,141923.11,,,9.80,false,2024-04-15,2024-06-10,2024-06-24,
APP100215,RSS-2024-100215,Rajasthan,Jaipur,BESCOM,Urban,SC,Group Housing Society,Male,Rooftop Solar Subsidy,Prakash Solar Solutions,V004,State Bank of India,ACCT6580175124,PFMS7837822,false,Vendor Selection,In Progress,Not Feasible,Installation Pending,Returned for correction,59976.64,54448.46,27808.16,,3.35,true,2024-04-26,2024-06-10,2024-06-25,2024-07-16
APP100216,RSS-2024-100216,Maharashtra,Nashik,MSEDCL,Urban,SC,Group Housing Society,Female,Rooftop Solar Subsidy,GreenVolt Energy,V002,Punjab National Bank,ACCT8516515730,PFMS1613274,false,Vendor Selection,Completed,Under Review,Installed,Scheduled,67397.20,62979.30,36399.38,26579.92,4.25,true,2024-08-18,2024-09-15,2024-09-23,2024-10-14
APP100217,RSS-2024-100217,Maharashtra,Pune,TPCODL,Rural,General,Residential Welfare Assoc.,Male,Rooftop Solar Subsidy,Prakash Solar Solutions,V004,State Bank of India,ACCT3892848362,PFMS3834030,false,Vendor Selection,Completed,Feasible,Installed,Approved,96643.72,87009.02,,,5.64,false,2024-05-04,2024-05-26,2024-06-22,
APP100218,RSS-2024-100218,Maharashtra,Pune,TPCODL,Rural,General,Group Housing Society,Male,Rooftop Solar Subsidy,GreenVolt Energy,V002,State Bank of India,ACCT5940006336,PFMS3519729,false,Vendor Selection,In Progress,Not Feasible,Installed,Approved,169786.59,168337.72,102256.95,,9.91,true,2024-07-19,2024-08-08,2024-09-13,2024-09-20
APP100219,RSS-2024-100219,Maharashtra,Thane,DGVCL,Rural,SC,Group Housing Society,Female,Rooftop Solar Subsidy,GreenVolt Energy,V002,State Bank of India,ACCT5744856929,PFMS7450377,false,Vendor Selection,In Progress,Feasible,Installed,Approved,137620.41,131687.96,91460.76,,9.65,true,2024-04-29,2024-06-10,2024-07-23,2024-08-07
APP100220,RSS-2024-100220,Telangana,Warangal,BESCOM,Rural,General,Residential Welfare Assoc.,Male,Rooftop Solar Subsidy,Prakash Solar Solutions,V004,State Bank of India,ACCT7082825240,PFMS3650108,false,Vendor Selection,Pending,Under Review,Installed,Approved,88183.63,77317.35,,,5.57,false,2024-07-12,,,
APP100221,RSS-2024-100221,Maharashtra,Pune,JVVNL,Rural,SC,Group Housing Society,Male,Rooftop Solar Subsidy,Aditya Rooftop Co,V005,State Bank of India,ACCT6756476142,PFMS1673567,false,Vendor Selection,Pending,Under Review,Installed,Approved,27381.02,25432.20,,,1.68,false,2024-04-19,2024-04-30,2024-06-04,
APP100222,RSS-2024-100222,Maharashtra,Thane,MSEDCL,Rural,ST,Residential,Female,Rooftop Solar Subsidy,Suryodaya Installers,V003,Bank of Baroda,ACCT4443776571,PFMS2571570,false,Vendor Selection,Completed,Not Feasible,In Progress,Approved,77014.08,76695.50,50673.64,26021.86,5.45,true,2024-06-14,2024-07-26,2024-08-07,2024-08-17
APP100223,RSS-2024-100223,West Bengal,Hooghly,TPCODL,Rural,OBC,Residential,Female,Rooftop Solar Subsidy,GreenVolt Energy,V002,State Bank of India,ACCT1725698125,PFMS4090296,false,Vendor Selection,Completed,Under Review,Installed,Approved,115714.77,108697.25,75896.73,32800.52,7.16,true,2024-05-23,2024-06-04,2024-06-30,2024-07-13
APP100224,RSS-2024-100224,Andhra Pradesh,Krishna,MSEDCL,Rural,ST,Residential,Male,Rooftop Solar Subsidy,SunTech Solar Pvt Ltd,V001,Canara Bank,ACCT8923469990,PFMS3174692,false,Vendor Selection,Completed,Feasible,Installed,Approved,56485.40,52526.99,,,3.66,false,2024-04-16,,,
APP100225,RSS-2024-100225,Maharashtra,Nashik,TPCODL,Rural,SC,Group Housing Society,Male,Rooftop Solar Subsidy,GreenVolt Energy,V002,Punjab National Bank,ACCT1502164428,PFMS2994473,false,Vendor Selection,In Progress,Not Feasible,In Progress,Approved,50226.63,49067.03,31112.98,,3.35,true,2024-05-21,2024-06-15,2024-07-13,2024-08-06
APP100226,RSS-2024-100226,Maharashtra,Pune,TSSPDCL,Rural,SC,Residential Welfare Assoc.,Female,Rooftop Solar Subsidy,SunTech Solar Pvt Ltd,V001,State Bank of India,ACCT9124432004,PFMS4013536,true,Vendor Selection,In Progress,Feasible,Installed,Approved,92073.52,84847.59,46840.89,38006.70,5.97,true,2024-09-15,2024-10-19,2024-10-28,2024-10-31
APP100227,RSS-2024-100227,Maharashtra,Nashik,TPCODL,Urban,ST,Residential Welfare Assoc.,Male,Rooftop Solar Subsidy,Aditya Rooftop Co,V005,State Bank of India,ACCT7846362409,PFMS7975579,false,Vendor Selection,Completed,Feasible,Installed,Approved,22940.22,21316.98,10759.16,10557.82,1.52,true,2024-09-16,2024-10-13,2024-10-22,2024-10-30
APP100228,RSS-2024-100228,Gujarat,Surat,WBSEDCL,Rural,ST,Group Housing Society,Male,Rooftop Solar Subsidy,Suryodaya Installers,V003,State Bank of India,ACCT7934934461,PFMS3318776,false,Vendor Selection,Pending,Under Review,Installed,Returned for correction,48382.24,44523.02,23500.71,21022.31,3.23,true,2024-08-17,2024-09-29,,
APP100229,RSS-2024-100229,West Bengal,Hooghly,BESCOM,Rural,OBC,Group Housing Society,Male,Rooftop Solar Subsidy,SunTech Solar Pvt Ltd,V001,Union Bank of India,ACCT7987925339,PFMS9917512,false,Vendor Selection,Pending,Not Feasible,Installed,Approved,145804.06,144901.88,96289.43,,9.41,true,2024-05-26,2024-06-04,2024-07-12,2024-08-01
APP100230,RSS-2024-100230,Karnataka,Mysuru,JVVNL,Urban,General,Residential,Male,Rooftop Solar Subsidy,SunTech Solar Pvt Ltd,V001,Union Bank of India,ACCT2193621825,PFMS2260615,true,Vendor Selection,In Progress,Feasible,Installation Pending,Approved,141910.12,132190.02,86053.50,,8.55,true,2024-05-28,2024-07-19,,
APP100231,RSS-2024-100231,Maharashtra,Nashik,DGVCL,Urban,SC,Residential,Female,Rooftop Solar Subsidy,SunTech Solar Pvt Ltd,V001,Canara Bank,ACCT6157843945,PFMS9395529,false,Feasibility Approval,Pending,Not Feasible,Installed,Approved,160163.56,136509.52,86056.66,,9.41,true,2024-07-08,2024-08-19,,
APP100232,RSS-2024-100232,Andhra Pradesh,Guntur,BESCOM,Urban,ST,Residential,Male,Rooftop Solar Subsidy,Suryodaya Installers,V003,Punjab National Bank,ACCT8064847404,PFMS1283074,false,Vendor Selection,In Progress,Not Feasible,Installed,Approved,131164.32,120178.41,,,8.97,false,2024-08-09,2024-09-11,2024-10-20,
APP100233,RSS-2024-100233,Maharashtra,Thane,JVVNL,Rural,General,Residential,Female,Rooftop Solar Subsidy,SunTech Solar Pvt Ltd,V001,State Bank of India,ACCT7780443932,PFMS8240892,false,Vendor Selection,Pending,Under Review,In Progress,Approved,45497.00,42905.11,,,2.81,false,2024-07-16,2024-08-06,2024-08-19,
APP100234,RSS-2024-100234,Telangana,Hyderabad,APSPDCL,Urban,SC,Group Housing Society,Female,Rooftop Solar Subsidy,Aditya Rooftop Co,V005,Bank of Baroda,ACCT6430598882,PFMS4752662,false,Vendor Selection,In Progress,Not Feasible,Installed,Approved,151507.25,140635.84,75606.76,65029.08,8.51,true,2024-07-31,2024-08-14,,
APP100235,RSS-2024-100235,Andhra Pradesh,Guntur,JVVNL,Rural,ST,Residential,Male,Rooftop Solar Subsidy,Suryodaya Installers,V003,State Bank of India,ACCT4880353340,PFMS7172965,false,Vendor Selection,Pending,Feasible,Installed,Scheduled,138646.22,118468.71,78289.57,,8.90,true,2024-09-14,2024-10-15,,
APP100236,RSS-2024-100236,Maharashtra,Thane,TSSPDCL,Rural,OBC,Residential Welfare Assoc.,Male,Rooftop Solar Subsidy,Aditya Rooftop Co,V005,State Bank of India,ACCT8546331467,PFMS9557489,false,Vendor Selection,In Progress,Under Review,Installation Pending,Approved,132231.83,126843.82,,,8.21,false,2024-08-16,2024-08-23,,
APP100237,RSS-2024-100237,Maharashtra,Nagpur,JVVNL,Urban,ST,Residential Welfare Assoc.,Female,Rooftop Solar Subsidy,SunTech Solar Pvt Ltd,V001,Canara Bank,ACCT9048265737,PFMS7837822,false,Vendor Selection,Completed,Not Feasible,Installed,Approved,138630.98,133401.87,88931.69,44470.18,8.44,true,2024-08-30,2024-09-13,2024-10-09,2024-10-16
APP100238,RSS-2024-100238,Maharashtra,Nagpur,TPCODL,Urban,OBC,Residential,Male,Rooftop Solar Subsidy,Suryodaya Installers,V003,Canara Bank,ACCT4055920849,PFMS6197258,false,Vendor Selection,Pending,Not Feasible,Installed,Approved,34853.18,34746.37,,,2.04,false,2024-07-01,2024-08-26,,
APP100239,RSS-2024-100239,Maharashtra,Thane,TSSPDCL,Urban,OBC,Group Housing Society,Male,Rooftop Solar Subsidy,SunTech Solar Pvt Ltd,V001,State Bank of India,ACCT4022892708,PFMS8036845,false,Vendor Selection,Pending,Not Feasible,Installed,Scheduled,117123.08,113391.81,,,7.01,false,2024-04-23,2024-06-08,2024-06-15,
APP100240,RSS-2024-100240,West Bengal,Hooghly,APSPDCL,Urban,SC,Residential,Male,Rooftop Solar Subsidy,Prakash Solar Solutions,V004,State Bank of India,ACCT2772222388,PFMS1135378,false,Vendor Selection,In Progress,Not Feasible,In Progress,Approved,125989.40,125275.93,70257.66,55018.27,7.83,true,2024-05-02,2024-06-13,2024-06-22,2024-07-07
APP100241,RSS-2024-100241,Maharashtra,Thane,JVVNL,Urban,SC,Residential,Female,Rooftop Solar Subsidy,GreenVolt Energy,V002,Union Bank of India,ACCT3180156939,PFMS5261992,false,Subsidy Request,Completed,Under Review,Installed,Approved,103437.69,88036.09,,,6.34,false,2024-06-19,2024-07-06,2024-08-03,
APP100242,RSS-2024-100242,Maharashtra,Nagpur,WBSEDCL,Rural,SC,Group Housing Society,Male,Rooftop Solar Subsidy,Prakash Solar Solutions,V004,State Bank of India,ACCT8640019529,PFMS4215925,false,Vendor Selection,Pending,Not Feasible,Installed,Approved,91579.39,88190.56,58212.99,29977.57,5.48,true,2024-08-07,2024-09-18,2024-09-28,2024-10-26
APP100243,RSS-2024-100243,West Bengal,Hooghly,WBSEDCL,Rural,SC,Group Housing Society,Male,Rooftop Solar Subsidy,SunTech Solar Pvt Ltd,V001,Canara Bank,ACCT5940882641,PFMS6297571,false,Vendor Selection,Pending,Feasible,Installed,Approved,43462.54,39901.50,,,2.62,false,2024-05-20,2024-07-05,2024-08-17,
APP100244,RSS-2024-100244,Karnataka,Bengaluru,DGVCL,Rural,General,Group Housing Society,Male,Rooftop Solar Subsidy,Suryodaya Installers,V003,State Bank of India,ACCT3846789390,PFMS8619635,false,Vendor Selection,Pending,Not Feasible,In Progress,Approved,171841.24,166037.42,,,9.66,false,2024-09-24,2024-10-09,2024-10-31,
APP100245,RSS-2024-100245,Gujarat,Rajkot,JVVNL,Urban,General,Residential,Male,Rooftop Solar Subsidy,SunTech Solar Pvt Ltd,V001,State Bank of India,ACCT9958893154,PFMS7465085,true,Vendor Selection,Pending,Not Feasible,Installation Pending,Approved,35255.88,32995.19,19362.57,13632.62,2.06,true,2024-05-08,2024-05-30,2024-06-13,2024-07-07
APP100246,RSS-2024-100246,Maharashtra,Nashik,WBSEDCL,Urban,SC,Group Housing Society,Male,Rooftop Solar Subsidy,Prakash Solar Solutions,V004,Union Bank of India,ACCT7017519621,PFMS3401905,true,Vendor Selection,Pending,Feasible,Installation Pending,Scheduled,50338.63,45081.47,24414.26,20667.21,3.21,true,2024-07-25,2024-08-10,,
APP100247,RSS-2024-100247,Gujarat,Rajkot,APSPDCL,Urban,General,Residential,Female,Rooftop Solar Subsidy,SunTech Solar Pvt Ltd,V001,Union Bank of India,ACCT7122225673,PFMS1317129,false,Application Submitted,Completed,Feasible,Installed,Approved,98190.85,90499.18,,,6.78,false,2024-05-03,,,
APP100248,RSS-2024-100248,West Bengal,Howrah,BESCOM,Urban,General,Residential Welfare Assoc.,Female,Rooftop Solar Subsidy,Prakash Solar Solutions,V004,Canara Bank,ACCT2251732417,PFMS3834030,false,Vendor Selection,Completed,Not Feasible,Installed,Approved,144585.05,123772.14,80051.50,,9.30,true,2024-07-10,2024-08-19,2024-09-03,2024-09-11
APP100249,RSS-2024-100249,Rajasthan,Jodhpur,APSPDCL,Rural,SC,Residential Welfare Assoc.,Male,Rooftop Solar Subsidy,GreenVolt Energy,V002,State Bank of India,ACCT3482438658,PFMS1107271,false,Vendor Selection,In Progress,Under Review,Installed,Approved,134238.31,130388.47,87604.51,,7.80,true,2024-06-26,2024-08-23,2024-09-11,2024-10-03
APP100250,RSS-2024-100250,Andhra Pradesh,Guntur,MSEDCL,Urban,OBC,Residential,Female,Rooftop Solar Subsidy,Prakash Solar Solutions,V004,State Bank of India,ACCT5093811043,PFMS5696259,false,Vendor Selection,In Progress,Under Review,Installed,Approved,77161.10,67709.70,43929.23,23780.47,5.25,true,2024-07-21,2024-09-05,,
APP100251,RSS-2024-100251,Maharashtra,Pune,TPCODL,Urban,General,Group Housing Society,Male,Rooftop Solar Subsidy,Suryodaya Installers,V003,Union Bank of India,ACCT6612206391,PFMS4124708,false,Vendor Selection,Pending,Not Feasible,Installation Pending,Approved,167520.49,144779.87,74858.92,69920.95,9.92,true,2024-08-06,2024-08-26,2024-09-11,2024-09-21
APP100252,RSS-2024-100252,Maharashtra,Pune,TSSPDCL,Rural,ST,Residential Welfare Assoc.,Male,Rooftop Solar Subsidy,Suryodaya Installers,V003,Punjab National Bank,ACCT2885821252,PFMS8316449,false,Subsidy Request,Pending,Feasible,Installed,Approved,113139.90,97137.83,,,7.48,false,2024-09-04,2024-11-01,2024-12-03,
APP100253,RSS-2024-100253,Andhra Pradesh,Krishna,TPCODL,Rural,General,Residential Welfare Assoc.,Male,Rooftop Solar Subsidy,GreenVolt Energy,V002,Canara Bank,ACCT9842079433,PFMS5982698,false,Vendor Selection,In Progress,Feasible,Installation Pending,Approved,147867.65,133007.84,,,9.55,false,2024-06-09,,,
APP100254,RSS-2024-100254,Maharashtra,Pune,DGVCL,Urban,OBC,Residential Welfare Assoc.,Male,Rooftop Solar Subsidy,Prakash Solar Solutions,V004,State Bank of India,ACCT4519739645,PFMS3266812,false,Feasibility Approval,Pending,Under Review,Installed,Approved,34986.46,34974.09,,,2.49,false,2024-04-14,2024-06-11,2024-07-16,
APP100255,RSS-2024-100255,Gujarat,Vadodara,TPCODL,Urban,SC,Residential,Male,Rooftop Solar Subsidy,Prakash Solar Solutions,V004,Bank of Baroda,ACCT6448781428,PFMS3859840,false,Subsidy Request,Completed,Feasible,Installed,Approved,38768.53,34648.00,,,2.30,false,2024-04-06,2024-05-08,2024-05-24,
APP100256,RSS-2024-100256,Andhra Pradesh,Visakhapatnam,TPCODL,Urban,General,Residential,Female,Rooftop Solar Subsidy,Prakash Solar Solutions,V004,State Bank of India,ACCT3749502649,PFMS5416585,false,Vendor Selection,Pending,Feasible,Installation Pending,Approved,132719.68,112940.06,70854.16,,8.79,true,2024-04-02,2024-05-17,2024-06-26,2024-07-02
APP100257,RSS-2024-100257,Karnataka,Bengaluru,BESCOM,Urban,SC,Residential Welfare Assoc.,Female,Rooftop Solar Subsidy,GreenVolt Energy,V002,Bank of Baroda,ACCT7017519621,PFMS5518230,true,Vendor Selection,Pending,Feasible,Installation Pending,Approved,23559.35,20771.03,10725.57,,1.34,true,2024-04-27,2024-06-07,2024-06-15,2024-07-03
APP100258,RSS-2024-100258,Maharashtra,Nashik,APSPDCL,Rural,ST,Residential,Male,Rooftop Solar Subsidy,Prakash Solar Solutions,V004,State Bank of India,ACCT9463875508,PFMS3847609,false,Subsidy Request,In Progress,Not Feasible,Installation Pending,Approved,161468.27,141461.07,,,9.63,false,2024-04-05,2024-04-26,,
APP100259,RSS-2024-100259,Andhra Pradesh,Krishna,DGVCL,Rural,General,Residential Welfare Assoc.,Female,Rooftop Solar Subsidy,GreenVolt Energy,V002,Punjab National Bank,ACCT1971183023,PFMS7481245,false,Vendor Selection,In Progress,Under Review,Installation Pending,Approved,157591.08,145046.61,89185.34,,9.23,true,2024-09-06,2024-09-25,,
APP100260,RSS-2024-100260,Maharashtra,Thane,TSSPDCL,Urban,OBC,Group Housing Society,Female,Rooftop Solar Subsidy,GreenVolt Energy,V002,Bank of Baroda,ACCT5562600702,PFMS8391879,false,Vendor Selection,In Progress,Under Review,Installed,Approved,96409.82,94860.29,48594.81,46265.48,5.37,true,2024-07-23,2024-09-13,2024-09-29,2024-10-17
APP100261,RSS-2024-100261,Maharashtra,Nagpur,MSEDCL,Rural,OBC,Residential,Male,Rooftop Solar Subsidy,Suryodaya Installers,V003,State Bank of India,ACCT1226398391,PFMS7547001,false,Vendor Selection,Completed,Under Review,Installed,Returned for correction,135912.91,127419.72,66997.80,,9.01,true,2024-08-10,2024-09-01,,
APP100262,RSS-2024-100262,Maharashtra,Thane,BESCOM,Rural,OBC,Residential Welfare Assoc.,Male,Rooftop Solar Subsidy,Prakash Solar Solutions,V004,Union Bank of India,ACCT5695123740,PFMS9371137,false,Vendor Selection,In Progress,Not Feasible,Installed,Approved,125186.04,123428.24,,,7.60,false,2024-06-27,2024-08-02,2024-08-21,
APP100263,RSS-2024-100263,West Bengal,Howrah,MSEDCL,Urban,ST,Residential Welfare Assoc.,Male,Rooftop Solar Subsidy,Prakash Solar Solutions,V004,State Bank of India,ACCT8678075919,PFMS5922662,false,Vendor Selection,Completed,Not Feasible,Installation Pending,Approved,40416.06,34711.76,22361.94,,2.61,true,2024-04-30,2024-05-29,2024-06-03,2024-06-28
APP100264,RSS-2024-100264,Andhra Pradesh,Guntur,WBSEDCL,Rural,General,Residential Welfare Assoc.,Male,Rooftop Solar Subsidy,Aditya Rooftop Co,V005,Bank of Baroda,ACCT2112291270,PFMS6754715,false,Vendor Selection,Pending,Not Feasible,In Progress,Approved,76247.61,72911.08,45995.24,,4.40,true,2024-04-14,2024-06-02,,
APP100265,RSS-2024-100265,Maharashtra,Thane,JVVNL,Urban,OBC,Residential Welfare Assoc.,Female,Rooftop Solar Subsidy,Aditya Rooftop Co,V005,State Bank of India,ACCT7058925160,PFMS6724997,false,Feasibility Approval,Pending,Under Review,Installation Pending,Approved,145611.63,144107.48,,,9.42,false,2024-08-29,,,
APP100266,RSS-2024-100266,Telangana,Hyderabad,JVVNL,Urban,General,Group Housing Society,Female,Rooftop Solar Subsidy,Suryodaya Installers,V003,State Bank of India,ACCT2919301538,PFMS2447209,true,Vendor Selection,In Progress,Not Feasible,Installation Pending,Approved,120998.60,117162.65,71297.34,45865.31,7.20,true,2024-08-20,2024-09-28,2024-10-13,2024-10-27
APP100267,RSS-2024-100267,Telangana,Warangal,BESCOM,Urban,SC,Residential Welfare Assoc.,Male,Rooftop Solar Subsidy,Prakash Solar Solutions,V004,State Bank of India,ACCT4741085485,PFMS4800982,false,Vendor Selection,Completed,Under Review,Installed,Approved,21941.15,19601.64,10963.49,8638.15,1.47,true,2024-08-07,2024-10-02,,
APP100268,RSS-2024-100268,Telangana,Warangal,DGVCL,Rural,ST,Residential Welfare Assoc.,Female,Rooftop Solar Subsidy,Prakash Solar Solutions,V004,State Bank of India,ACCT8651502961,PFMS4320954,false,Vendor Selection,Pending,Not Feasible,Installed,Approved,115501.80,105425.15,68653.37,36771.78,7.50,true,2024-09-06,2024-10-16,,
APP100269,RSS-2024-100269,West Bengal,Nadia,JVVNL,Rural,General,Residential Welfare Assoc.,Female,Rooftop Solar Subsidy,SunTech Solar Pvt Ltd,V001,State Bank of India,ACCT5173911487,PFMS2773327,false,Subsidy Request,In Progress,Under Review,Installed,Approved,40160.61,34842.83,,,2.42,false,2024-08-02,2024-08-26,2024-09-25,
APP100270,RSS-2024-100270,Maharashtra,Nashik,APSPDCL,Rural,General,Residential Welfare Assoc.,Female,Rooftop Solar Subsidy,GreenVolt Energy,V002,Bank of Baroda,ACCT2668899638,PFMS3834030,false,Vendor Selection,Pending,Feasible,Installed,Approved,31089.61,27002.66,14672.11,,2.08,true,2024-09-22,2024-11-01,,
APP100271,RSS-2024-100271,Maharashtra,Nashik,BESCOM,Rural,ST,Residential Welfare Assoc.,Male,Rooftop Solar Subsidy,SunTech Solar Pvt Ltd,V001,Union Bank of India,ACCT3699784839,PFMS3605588,false,Vendor Selection,Pending,Under Review,Installed,Scheduled,59602.20,51232.85,,,3.40,false,2024-04-27,2024-05-12,,
APP100272,RSS-2024-100272,Rajasthan,Jodhpur,JVVNL,Rural,OBC,Group Housing Society,Female,Rooftop Solar Subsidy,GreenVolt Energy,V002,Union Bank of India,ACCT2860907689,PFMS5978618,false,Vendor Selection,In Progress,Feasible,Installation Pending,Approved,54105.67,52934.69,31866.74,21067.95,3.43,true,2024-07-23,2024-09-17,2024-10-17,2024-10-31
APP100273,RSS-2024-100273,Maharashtra,Nashik,APSPDCL,Urban,SC,Residential,Female,Rooftop Solar Subsidy,Prakash Solar Solutions,V004,Bank of Baroda,ACCT8793584723,PFMS5401225,false,Vendor Selection,Pending,Feasible,Installed,Approved,156453.65,152812.23,86172.68,66639.55,9.93,true,2024-09-17,2024-10-14,2024-11-07,2024-12-06
APP100274,RSS-2024-100274,Andhra Pradesh,Krishna,TSSPDCL,Urban,SC,Residential,Male,Rooftop Solar Subsidy,Prakash Solar Solutions,V004,Union Bank of India,ACCT1877235530,PFMS3518037,false,Vendor Selection,Pending,Not Feasible,In Progress,Approved,166525.25,141835.08,83237.50,58597.58,9.62,true,2024-04-20,2024-05-27,2024-06-07,2024-06-11
APP100275,RSS-2024-100275,Maharashtra,Nashik,BESCOM,Urban,ST,Residential,Female,Rooftop Solar Subsidy,Suryodaya Installers,V003,State Bank of India,ACCT3763872099,PFMS7817342,false,Vendor Selection,Pending,Feasible,Installed,Approved,66402.93,58582.70,35579.77,,4.71,true,2024-09-23,2024-10-04,2024-11-18,2024-11-24
APP100276,RSS-2024-100276,Karnataka,Mysuru,TPCODL,Urban,ST,Residential Welfare Assoc.,Female,Rooftop Solar Subsidy,Prakash Solar Solutions,V004,State Bank of India,ACCT4754257611,PFMS9398937,false,Vendor Selection,In Progress,Under Review,Installed,Approved,79053.98,67948.49,41203.10,,4.46,true,2024-09-11,2024-10-04,,
APP100277,RSS-2024-100277,Telangana,Warangal,DGVCL,Urban,OBC,Residential Welfare Assoc.,Male,Rooftop Solar Subsidy,GreenVolt Energy,V002,Canara Bank,ACCT3693642293,PFMS7979738,false,Vendor Selection,Pending,Feasible,Installation Pending,Approved,132677.76,114126.42,58486.72,55639.70,8.90,true,2024-05-10,2024-06-04,,
APP100278,RSS-2024-100278,Andhra Pradesh,Visakhapatnam,APSPDCL,Urban,General,Residential,Male,Rooftop Solar Subsidy,Suryodaya Installers,V003,State Bank of India,ACCT6438431087,PFMS5473246,false,Vendor Selection,Pending,Feasible,Installed,Approved,82409.57,79879.34,,,5.19,false,2024-04-28,2024-05-23,2024-06-10,
APP100279,RSS-2024-100279,Andhra Pradesh,Visakhapatnam,TPCODL,Rural,ST,Residential,Female,Rooftop Solar Subsidy,Aditya Rooftop Co,V005,Canara Bank,ACCT1028697164,PFMS7252035,false,Vendor Selection,Pending,Feasible,Installation Pending,Approved,126726.67,124902.71,,,8.42,false,2024-09-17,2024-10-14,,
APP100280,RSS-2024-100280,Maharashtra,Nashik,TSSPDCL,Rural,OBC,Group Housing Society,Male,Rooftop Solar Subsidy,Aditya Rooftop Co,V005,State Bank of India,ACCT3065477372,PFMS2291585,false,Vendor Selection,In Progress,Feasible,Installation Pending,Approved,90862.40,86533.90,51077.99,35455.91,6.12,true,2024-05-08,2024-05-29,,
APP100281,RSS-2024-100281,Odisha,Cuttack,DGVCL,Rural,General,Group Housing Society,Female,Rooftop Solar Subsidy,SunTech Solar Pvt Ltd,V001,State Bank of India,ACCT4310356206,PFMS6475468,false,Vendor Selection,In Progress,Not Feasible,Installed,Approved,147241.03,144252.88,80161.04,,8.67,true,2024-07-16,2024-09-02,2024-10-16,2024-10-28
APP100282,RSS-2024-100282,Maharashtra,Nagpur,APSPDCL,Rural,OBC,Residential,Female,Rooftop Solar Subsidy,Prakash Solar Solutions,V004,Canara Bank,ACCT8730841896,PFMS6762984,true,Vendor Selection,In Progress,Not Feasible,Installation Pending,Approved,97081.32,96331.57,49568.81,46762.76,6.74,true,2024-06-16,2024-07-10,2024-08-02,2024-08-19
APP100283,RSS-2024-100283,Maharashtra,Nagpur,TSSPDCL,Urban,SC,Residential Welfare Assoc.,Male,Rooftop Solar Subsidy,Aditya Rooftop Co,V005,State Bank of India,ACCT1741224762,PFMS8938025,false,Subsidy Request,Pending,Not Feasible,Installed,Approved,32225.70,28052.32,,,1.81,false,2024-07-25,2024-09-18,,
APP100284,RSS-2024-100284,Karnataka,Bengaluru,APSPDCL,Urban,ST,Residential,Male,Rooftop Solar Subsidy,Aditya Rooftop Co,V005,State Bank of India,ACCT7625538381,PFMS3073449,false,Vendor Selection,Completed,Feasible,Installation Pending,Approved,84910.56,83801.68,,,5.14,false,2024-06-27,2024-08-10,,
APP100285,RSS-2024-100285,Maharashtra,Nagpur,TSSPDCL,Urban,OBC,Residential Welfare Assoc.,Female,Rooftop Solar Subsidy,SunTech Solar Pvt Ltd,V001,State Bank of India,ACCT2174877131,PFMS1007111,false,Vendor Selection,Completed,Not Feasible,Installed,Approved,17315.60,17059.79,,,1.08,false,2024-04-18,2024-06-05,,
APP100286,RSS-2024-100286,Karnataka,Mysuru,DGVCL,Rural,SC,Residential Welfare Assoc.,Female,Rooftop Solar Subsidy,SunTech Solar Pvt Ltd,V001,State Bank of India,ACCT9834492391,PFMS3834030,false,Vendor Selection,Completed,Not Feasible,Installed,Approved,69651.61,62082.93,,,4.54,false,2024-05-23,2024-06-06,,
APP100287,RSS-2024-100287,West Bengal,Nadia,BESCOM,Rural,OBC,Group Housing Society,Female,Rooftop Solar Subsidy,Aditya Rooftop Co,V005,Union Bank of India,ACCT3933195565,PFMS8378221,false,Vendor Selection,In Progress,Not Feasible,Installation Pending,Approved,67997.73,62259.93,41758.80,,4.84,true,2024-07-08,2024-07-19,,
APP100288,RSS-2024-100288,Gujarat,Vadodara,MSEDCL,Urban,General,Group Housing Society,Male,Rooftop Solar Subsidy,Prakash Solar Solutions,V004,Punjab National Bank,ACCT8730841896,PFMS7237633,true,Subsidy Request,Completed,Feasible,Installed,Approved,80939.35,75946.00,51766.99,,4.58,true,2024-08-24,2024-09-03,2024-09-18,2024-10-10
APP100289,RSS-2024-100289,West Bengal,Nadia,JVVNL,Urban,SC,Residential Welfare Assoc.,Male,Rooftop Solar Subsidy,SunTech Solar Pvt Ltd,V001,State Bank of India,ACCT7549817983,PFMS2514813,false,Vendor Selection,In Progress,Feasible,Installed,Approved,139825.03,122643.29,75684.20,46959.09,9.65,true,2024-07-12,2024-09-06,2024-10-21,2024-11-15
APP100290,RSS-2024-100290,Karnataka,Bengaluru,TSSPDCL,Urban,SC,Residential Welfare Assoc.,Female,Rooftop Solar Subsidy,Suryodaya Installers,V003,State Bank of India,ACCT1678149752,PFMS5078449,false,Vendor Selection,In Progress,Not Feasible,Installed,Approved,93960.85,93394.02,,,6.17,false,2024-04-09,2024-05-24,,
APP100291,RSS-2024-100291,Maharashtra,Pune,WBSEDCL,Urban,OBC,Group Housing Society,Male,Rooftop Solar Subsidy,Prakash Solar Solutions,V004,Union Bank of India,ACCT6899798053,PFMS6021943,false,Vendor Selection,Completed,Not Feasible,Installed,Scheduled,121752.98,120602.56,79172.52,41430.04,7.83,true,2024-04-11,2024-04-20,2024-05-22,2024-06-14
APP100292,RSS-2024-100292,Maharashtra,Nagpur,DGVCL,Urban,OBC,Group Housing Society,Male,Rooftop Solar Subsidy,Prakash Solar Solutions,V004,Bank of Baroda,ACCT3418922007,PFMS4621150,false,Vendor Selection,Completed,Not Feasible,Installed,Approved,42043.55,37992.52,19610.17,18382.35,2.70,true,2024-05-24,2024-06-30,2024-07-30,2024-08-23
APP100293,RSS-2024-100293,Andhra Pradesh,Krishna,DGVCL,Rural,SC,Residential Welfare Assoc.,Male,Rooftop Solar Subsidy,GreenVolt Energy,V002,Bank of Baroda,ACCT7000617345,PFMS3847609,false,Feasibility Approval,Pending,Not Feasible,Installed,Approved,96761.95,93131.28,,,6.30,false,2024-09-12,2024-10-03,2024-10-08,
APP100294,RSS-2024-100294,Maharashtra,Pune,APSPDCL,Rural,ST,Group Housing Society,Male,Rooftop Solar Subsidy,SunTech Solar Pvt Ltd,V001,State Bank of India,ACCT1785449946,PFMS3834030,false,Vendor Selection,In Progress,Not Feasible,Installed,Approved,88088.76,75323.44,44072.31,31251.13,6.18,true,2024-08-06,2024-08-20,,
APP100295,RSS-2024-100295,Maharashtra,Thane,WBSEDCL,Urban,ST,Residential,Male,Rooftop Solar Subsidy,GreenVolt Energy,V002,State Bank of India,ACCT7415075962,PFMS9929673,false,Vendor Selection,In Progress,Not Feasible,Installed,Approved,79252.52,72405.45,,,5.01,false,2024-05-20,2024-06-21,2024-07-27,
APP100296,RSS-2024-100296,Maharashtra,Thane,APSPDCL,Urban,ST,Residential Welfare Assoc.,Female,Rooftop Solar Subsidy,GreenVolt Energy,V002,State Bank of India,ACCT6622677917,PFMS6281902,false,Feasibility Approval,Pending,Not Feasible,Installed,Approved,85566.11,73053.94,48999.54,24054.40,5.63,true,2024-05-13,2024-06-19,,
APP100297,RSS-2024-100297,West Bengal,Nadia,JVVNL,Rural,OBC,Residential,Male,Rooftop Solar Subsidy,Prakash Solar Solutions,V004,Bank of Baroda,ACCT2919301538,PFMS7837822,true,Vendor Selection,Pending,Feasible,Installed,Approved,144500.19,123447.90,,,8.58,false,2024-05-17,2024-07-02,2024-07-22,
APP100298,RSS-2024-100298,Maharashtra,Nashik,MSEDCL,Urban,SC,Residential,Male,Rooftop Solar Subsidy,Prakash Solar Solutions,V004,Punjab National Bank,ACCT8372028529,PFMS6370832,false,Feasibility Approval,Pending,Under Review,Installed,Approved,113746.56,106869.09,70026.04,36843.05,6.65,true,2024-09-16,2024-10-03,,
APP100299,RSS-2024-100299,Andhra Pradesh,Krishna,JVVNL,Rural,OBC,Residential Welfare Assoc.,Female,Rooftop Solar Subsidy,Aditya Rooftop Co,V005,Bank of Baroda,ACCT2682545028,PFMS7785706,false,Vendor Selection,In Progress,Under Review,Installed,Approved,28513.55,24882.61,14585.39,10297.22,1.62,true,2024-09-11,2024-10-13,,
APP100300,RSS-2024-100300,Telangana,Warangal,BESCOM,Rural,General,Group Housing Society,Female,Rooftop Solar Subsidy,Aditya Rooftop Co,V005,State Bank of India,ACCT6122095341,PFMS9017342,false,Vendor Selection,In Progress,Feasible,Installed,Approved,40099.10,35028.87,23350.17,11678.70,2.43,true,2024-05-28,2024-06-17,2024-07-18,2024-08-09
APP100301,RSS-2024-100301,Maharashtra,Nagpur,APSPDCL,Urban,General,Residential Welfare Assoc.,Male,Rooftop Solar Subsidy,Suryodaya Installers,V003,Canara Bank,ACCT2191819116,PFMS5439641,false,Vendor Selection,In Progress,Feasible,Installed,Approved,38871.27,38629.48,,,2.51,false,2024-04-07,2024-05-22,2024-07-04,
APP100302,RSS-2024-100302,Maharashtra,Nagpur,DGVCL,Rural,ST,Residential,Male,Rooftop Solar Subsidy,Suryodaya Installers,V003,Canara Bank,ACCT7726368947,PFMS1173581,false,Vendor Selection,Pending,Not Feasible,Installed,Approved,118046.45,101476.55,59083.11,42393.44,6.61,true,2024-04-05,2024-04-13,2024-05-04,2024-06-03
APP100303,RSS-2024-100303,Maharashtra,Thane,DGVCL,Rural,ST,Residential Welfare Assoc.,Male,Rooftop Solar Subsidy,Suryodaya Installers,V003,Bank of Baroda,ACCT9169817270,PFMS1819953,false,Vendor Selection,Completed,Not Feasible,Installation Pending,Approved,27979.95,24469.06,15364.38,,1.78,true,2024-06-10,2024-08-08,2024-08-23,2024-09-14
APP100304,RSS-2024-100304,Gujarat,Rajkot,TPCODL,Rural,ST,Residential Welfare Assoc.,Female,Rooftop Solar Subsidy,Aditya Rooftop Co,V005,State Bank of India,ACCT4157890306,PFMS2287140,false,Application Submitted,Completed,Under Review,Installed,Approved,94662.93,87703.65,50754.20,36949.45,6.21,true,2024-08-22,2024-09-29,,
APP100305,RSS-2024-100305,Odisha,Cuttack,BESCOM,Rural,General,Residential Welfare Assoc.,Male,Rooftop Solar Subsidy,Prakash Solar Solutions,V004,Canara Bank,ACCT5158564422,PFMS6857230,false,Vendor Selection,In Progress,Not Feasible,Installed,Approved,92877.43,87230.98,,,6.41,false,2024-09-23,2024-11-01,2024-11-27,
APP100306,RSS-2024-100306,Maharashtra,Pune,WBSEDCL,Rural,ST,Group Housing Society,Male,Rooftop Solar Subsidy,GreenVolt Energy,V002,Bank of Baroda,ACCT1466628498,PFMS7674297,false,Vendor Selection,Completed,Under Review,Installation Pending,Approved,37528.41,36437.54,20302.76,,2.58,true,2024-06-17,2024-08-15,,
APP100307,RSS-2024-100307,Andhra Pradesh,Krishna,APSPDCL,Rural,ST,Residential,Male,Rooftop Solar Subsidy,Aditya Rooftop Co,V005,Canara Bank,ACCT9212966019,PFMS1861367,false,Vendor Selection,Pending,Feasible,Installed,Approved,83097.76,81592.63,,,4.89,false,2024-07-16,,,
APP100308,RSS-2024-100308,Gujarat,Vadodara,TSSPDCL,Urban,OBC,Residential,Male,Rooftop Solar Subsidy,GreenVolt Energy,V002,Punjab National Bank,ACCT5194618887,PFMS8950488,false,Subsidy Request,In Progress,Not Feasible,Installed,Approved,38150.92,34508.68,,,2.44,false,2024-07-22,2024-08-13,2024-08-19,
APP100309,RSS-2024-100309,Andhra Pradesh,Krishna,TSSPDCL,Urban,General,Residential Welfare Assoc.,Male,Rooftop Solar Subsidy,GreenVolt Energy,V002,State Bank of India,ACCT6322793578,PFMS5778834,false,Vendor Selection,Completed,Feasible,Installation Pending,Approved,59957.44,51895.20,29114.08,22781.12,4.16,true,2024-09-14,2024-10-22,,
APP100310,RSS-2024-100310,Andhra Pradesh,Visakhapatnam,APSPDCL,Rural,General,Residential,Female,Rooftop Solar Subsidy,Aditya Rooftop Co,V005,State Bank of India,ACCT8466806302,PFMS9129523,false,Vendor Selection,In Progress,Under Review,Installed,Approved,20433.32,17544.80,12090.08,,1.46,true,2024-08-26,2024-09-24,,
APP100311,RSS-2024-100311,Maharashtra,Nashik,MSEDCL,Urban,General,Group Housing Society,Female,Rooftop Solar Subsidy,Suryodaya Installers,V003,Bank of Baroda,ACCT2193621825,PFMS9129523,true,Vendor Selection,Completed,Under Review,Installed,Approved,35068.77,32520.47,,,2.02,false,2024-06-02,2024-07-18,2024-08-27,
APP100312,RSS-2024-100312,Maharashtra,Nagpur,TSSPDCL,Rural,SC,Residential Welfare Assoc.,Female,Rooftop Solar Subsidy,GreenVolt Energy,V002,State Bank of India,ACCT7889155404,PFMS3270803,false,Vendor Selection,In Progress,Under Review,Installed,Approved,81665.82,80532.16,44398.36,,4.82,true,2024-08-28,2024-10-07,2024-10-17,2024-11-12
APP100313,RSS-2024-100313,Maharashtra,Thane,JVVNL,Urban,OBC,Residential Welfare Assoc.,Female,Rooftop Solar Subsidy,SunTech Solar Pvt Ltd,V001,Canara Bank,ACCT8704540104,PFMS3745351,false,Vendor Selection,Completed,Under Review,Installation Pending,Scheduled,113094.05,104011.89,,,6.52,false,2024-07-01,2024-07-16,2024-08-21,
APP100314,RSS-2024-100314,Maharashtra,Nashik,JVVNL,Urban,SC,Residential Welfare Assoc.,Male,Rooftop Solar Subsidy,SunTech Solar Pvt Ltd,V001,State Bank of India,ACCT3884237706,PFMS3814097,false,Vendor Selection,Pending,Not Feasible,Installed,Approved,79811.59,79551.14,55676.92,23874.22,5.01,true,2024-05-17,2024-07-01,,
APP100315,RSS-2024-100315,Gujarat,Rajkot,MSEDCL,Rural,OBC,Residential,Female,Rooftop Solar Subsidy,Suryodaya Installers,V003,Union Bank of India,ACCT7622491683,PFMS3199546,false,Subsidy Request,In Progress,Under Review,Installed,Approved,133491.34,122265.60,,,7.76,false,2024-05-07,2024-06-01,2024-06-17,
APP100316,RSS-2024-100316,West Bengal,Nadia,APSPDCL,Rural,SC,Group Housing Society,Male,Rooftop Solar Subsidy,SunTech Solar Pvt Ltd,V001,State Bank of India,ACCT6107423769,PFMS2192066,false,Vendor Selection,Completed,Under Review,Installed,Approved,18860.40,16452.33,9260.34,,1.24,true,2024-05-24,2024-07-17,2024-08-08,2024-08-26
APP100317,RSS-2024-100317,Rajasthan,Jodhpur,JVVNL,Urban,OBC,Group Housing Society,Male,Rooftop Solar Subsidy,GreenVolt Energy,V002,State Bank of India,ACCT7993046118,PFMS9605508,false,Vendor Selection,Completed,Feasible,Installed,Approved,145061.65,144242.93,90327.75,53915.18,9.28,true,2024-08-05,2024-09-06,2024-10-07,2024-10-11
APP100318,RSS-2024-100318,Rajasthan,Jaipur,DGVCL,Rural,SC,Residential,Male,Rooftop Solar Subsidy,GreenVolt Energy,V002,Union Bank of India,ACCT9343111128,PFMS4916639,false,Vendor Selection,Pending,Not Feasible,Installed,Approved,154907.42,145736.06,85502.93,,8.70,true,2024-09-11,2024-09-24,2024-11-06,2024-11-30
APP100319,RSS-2024-100319,Karnataka,Mysuru,JVVNL,Urban,SC,Residential Welfare Assoc.,Male,Rooftop Solar Subsidy,Aditya Rooftop Co,V005,Bank of Baroda,ACCT8188959423,PFMS6523542,false,Subsidy Request,In Progress,Not Feasible,Installed,Approved,74565.34,64344.84,,,4.26,false,2024-04-04,2024-05-20,,
APP100320,RSS-2024-100320,Telangana,Warangal,DGVCL,Rural,SC,Group Housing Society,Female,Rooftop Solar Subsidy,GreenVolt Energy,V002,Punjab National Bank,ACCT2786449430,PFMS9724639,false,Vendor Selection,In Progress,Under Review,Installed,Approved,30966.87,30043.07,,,1.78,false,2024-05-21,2024-07-15,,
APP100321,RSS-2024-100321,Odisha,Khordha,MSEDCL,Rural,General,Residential Welfare Assoc.,Female,Rooftop Solar Subsidy,Suryodaya Installers,V003,State Bank of India,ACCT9956375260,PFMS5739706,false,Vendor Selection,Completed,Feasible,In Progress,Approved,50821.19,48426.59,,,3.05,false,2024-07-14,2024-09-02,2024-10-02,
APP100322,RSS-2024-100322,Rajasthan,Jaipur,BESCOM,Urban,ST,Residential,Male,Rooftop Solar Subsidy,Aditya Rooftop Co,V005,State Bank of India,ACCT4015792890,PFMS3457278,false,Vendor Selection,Completed,Under Review,Installed,Approved,53362.66,48856.01,26167.35,,3.77,true,2024-07-20,2024-08-09,,
APP100323,RSS-2024-100323,Andhra Pradesh,Visakhapatnam,WBSEDCL,Urban,ST,Residential,Male,Rooftop Solar Subsidy,Aditya Rooftop Co,V005,Union Bank of India,ACCT5409500865,PFMS7038104,false,Vendor Selection,Pending,Under Review,In Progress,Approved,95144.88,89740.99,50291.72,,6.43,true,2024-05-27,2024-07-26,2024-08-02,2024-08-31
APP100324,RSS-2024-100324,Maharashtra,Nagpur,BESCOM,Urban,ST,Group Housing Society,Female,Rooftop Solar Subsidy,GreenVolt Energy,V002,Bank of Baroda,ACCT7705626352,PFMS5007609,false,Vendor Selection,In Progress,Not Feasible,Installed,Approved,70971.89,68894.68,,,4.68,false,2024-05-28,2024-07-26,2024-08-29,
APP100325,RSS-2024-100325,Andhra Pradesh,Guntur,JVVNL,Urban,OBC,Residential Welfare Assoc.,Female,Rooftop Solar Subsidy,GreenVolt Energy,V002,Canara Bank,ACCT8605173527,PFMS8481446,false,Vendor Selection,Pending,Not Feasible,Installed,Approved,119909.37,103570.50,52827.40,,7.38,true,2024-04-01,2024-04-18,,
APP100326,RSS-2024-100326,Odisha,Khordha,WBSEDCL,Urban,OBC,Residential,Male,Rooftop Solar Subsidy,SunTech Solar Pvt Ltd,V001,State Bank of India,ACCT1147661141,PFMS3461093,false,Vendor Selection,In Progress,Feasible,Installed,Approved,92688.54,84708.32,,,6.55,false,2024-08-03,2024-08-13,,
APP100327,RSS-2024-100327,Rajasthan,Jaipur,BESCOM,Urban,SC,Group Housing Society,Male,Rooftop Solar Subsidy,Suryodaya Installers,V003,Punjab National Bank,ACCT2599069293,PFMS3834030,false,Vendor Selection,In Progress,Not Feasible,Installed,Approved,162807.79,155517.45,,,9.76,false,2024-05-31,2024-06-12,2024-07-14,
APP100328,RSS-2024-100328,Maharashtra,Nashik,TPCODL,Urban,OBC,Group Housing Society,Male,Rooftop Solar Subsidy,GreenVolt Energy,V002,Bank of Baroda,ACCT8401265712,PFMS9129523,false,Vendor Selection,In Progress,Under Review,Installed,Approved,38242.50,37505.07,18924.17,,2.32,true,2024-06-23,2024-07-27,2024-08-05,2024-08-21
APP100329,RSS-2024-100329,Karnataka,Mysuru,TSSPDCL,Rural,SC,Residential,Female,Rooftop Solar Subsidy,GreenVolt Energy,V002,State Bank of India,ACCT2919301538,PFMS1341148,true,Vendor Selection,Completed,Feasible,Installation Pending,Approved,113757.52,107971.08,,,7.40,false,2024-05-14,2024-06-08,2024-07-21,
APP100330,RSS-2024-100330,Maharashtra,Pune,JVVNL,Urban,ST,Residential Welfare Assoc.,Female,Rooftop Solar Subsidy,Prakash Solar Solutions,V004,State Bank of India,ACCT8757678045,PFMS4419754,false,Vendor Selection,Pending,Feasible,Installation Pending,Approved,52838.48,51679.83,27410.34,,3.13,true,2024-08-12,2024-09-18,,
APP100331,RSS-2024-100331,Karnataka,Bengaluru,DGVCL,Rural,SC,Residential,Male,Rooftop Solar Subsidy,SunTech Solar Pvt Ltd,V001,Punjab National Bank,ACCT6277627541,PFMS2487638,false,Vendor Selection,In Progress,Under Review,Installed,Approved,120835.83,119857.74,,,7.36,false,2024-09-12,2024-10-30,2024-11-25,
APP100332,RSS-2024-100332,Maharashtra,Thane,APSPDCL,Rural,OBC,Residential Welfare Assoc.,Female,Rooftop Solar Subsidy,GreenVolt Energy,V002,State Bank of India,ACCT6007860471,PFMS6799777,false,Vendor Selection,Completed,Under Review,In Progress,Scheduled,150424.13,130614.48,84416.77,46197.71,9.07,true,2024-08-12,2024-08-30,2024-09-17,2024-10-14
APP100333,RSS-2024-100333,Andhra Pradesh,Guntur,JVVNL,Rural,General,Group Housing Society,Male,Rooftop Solar Subsidy,Prakash Solar Solutions,V004,State Bank of India,ACCT6557484202,PFMS9917512,false,Subsidy Request,In Progress,Under Review,In Progress,Scheduled,89739.39,76622.35,,,6.40,false,2024-08-21,,,
APP100334,RSS-2024-100334,Maharashtra,Nashik,TSSPDCL,Rural,SC,Residential Welfare Assoc.,Male,Rooftop Solar Subsidy,SunTech Solar Pvt Ltd,V001,State Bank of India,ACCT4754882436,PFMS5778834,false,Vendor Selection,In Progress,Feasible,Installed,Approved,67640.43,62277.28,,,4.41,false,2024-07-26,,,
APP100335,RSS-2024-100335,West Bengal,Hooghly,DGVCL,Urban,SC,Residential Welfare Assoc.,Male,Rooftop Solar Subsidy,Suryodaya Installers,V003,Bank of Baroda,ACCT6092499048,PFMS4132992,false,Vendor Selection,Pending,Under Review,Installed,Approved,60228.65,53952.69,,,4.14,false,2024-05-13,2024-05-27,,
APP100336,RSS-2024-100336,Gujarat,Rajkot,TPCODL,Rural,SC,Residential,Female,Rooftop Solar Subsidy,GreenVolt Energy,V002,Union Bank of India,ACCT8730841896,PFMS8653315,true,Vendor Selection,Completed,Not Feasible,Installed,Approved,128676.34,127354.87,72777.12,54577.75,9.12,true,2024-07-04,2024-08-29,2024-09-19,2024-10-10
APP100337,RSS-2024-100337,Maharashtra,Nashik,DGVCL,Urban,General,Residential,Female,Rooftop Solar Subsidy,GreenVolt Energy,V002,Punjab National Bank,ACCT1872275651,PFMS4507541,false,Vendor Selection,Completed,Not Feasible,Installed,Approved,64776.13,64513.66,44548.35,,3.76,true,2024-07-14,2024-09-03,2024-09-20,2024-10-01
APP100338,RSS-2024-100338,West Bengal,Howrah,BESCOM,Urban,SC,Residential Welfare Assoc.,Female,Rooftop Solar Subsidy,Prakash Solar Solutions,V004,Canara Bank,ACCT1962836994,PFMS9806751,false,Vendor Selection,In Progress,Not Feasible,Installed,Approved,81224.54,78921.36,44560.87,,5.56,true,2024-08-21,2024-09-06,2024-09-20,2024-10-14
APP100339,RSS-2024-100339,Maharashtra,Thane,APSPDCL,Rural,OBC,Residential Welfare Assoc.,Female,Rooftop Solar Subsidy,Suryodaya Installers,V003,Bank of Baroda,ACCT9419106652,PFMS4576595,false,Vendor Selection,Pending,Under Review,Installed,Approved,96679.91,93465.72,61138.33,,6.61,true,2024-05-08,2024-06-16,2024-07-28,2024-08-26
APP100340,RSS-2024-100340,Telangana,Hyderabad,BESCOM,Rural,SC,Residential Welfare Assoc.,Male,Rooftop Solar Subsidy,Suryodaya Installers,V003,State Bank of India,ACCT4890964702,PFMS3684679,false,Vendor Selection,In Progress,Feasible,Installed,Approved,75985.91,70970.22,,,5.14,false,2024-05-06,2024-06-10,,
APP100341,RSS-2024-100341,Gujarat,Vadodara,BESCOM,Rural,ST,Group Housing Society,Male,Rooftop Solar Subsidy,Suryodaya Installers,V003,Canara Bank,ACCT6587785803,PFMS5692160,false,Feasibility Approval,In Progress,Under Review,Installed,Scheduled,41430.67,39378.12,23290.54,,2.43,true,2024-06-29,2024-08-24,2024-08-29,2024-09-04
APP100342,RSS-2024-100342,Maharashtra,Nashik,DGVCL,Rural,General,Group Housing Society,Female,Rooftop Solar Subsidy,Suryodaya Installers,V003,State Bank of India,ACCT9958893154,PFMS9393879,true,Vendor Selection,Pending,Feasible,Installation Pending,Approved,74197.25,68732.15,38081.74,,4.81,true,2024-04-08,2024-05-14,2024-06-03,2024-06-28
APP100343,RSS-2024-100343,Maharashtra,Thane,TSSPDCL,Rural,General,Group Housing Society,Male,Rooftop Solar Subsidy,GreenVolt Energy,V002,Union Bank of India,ACCT7021470041,PFMS1925893,false,Vendor Selection,Completed,Under Review,Installed,Approved,97252.62,88471.47,,,5.74,false,2024-08-04,2024-09-27,2024-10-26,
APP100344,RSS-2024-100344,Maharashtra,Pune,APSPDCL,Rural,SC,Group Housing Society,Male,Rooftop Solar Subsidy,Aditya Rooftop Co,V005,State Bank of India,ACCT6005125310,PFMS2952134,false,Application Submitted,In Progress,Feasible,Installed,Approved,48296.41,44789.54,,,2.96,false,2024-09-28,2024-11-27,2024-12-22,
APP100345,RSS-2024-100345,Odisha,Cuttack,WBSEDCL,Urban,ST,Group Housing Society,Female,Rooftop Solar Subsidy,Prakash Solar Solutions,V004,State Bank of India,ACCT8730841896,PFMS3834030,true,Vendor Selection,Pending,Feasible,Installed,Scheduled,158198.16,143674.96,99904.43,,9.97,true,2024-07-13,2024-08-25,2024-09-26,2024-10-21
APP100346,RSS-2024-100346,Andhra Pradesh,Visakhapatnam,WBSEDCL,Urban,OBC,Group Housing Society,Male,Rooftop Solar Subsidy,GreenVolt Energy,V002,Union Bank of India,ACCT4850336855,PFMS9081202,false,Vendor Selection,In Progress,Not Feasible,Installed,Returned for correction,109897.61,96200.01,67164.43,29035.58,6.49,true,2024-04-08,2024-05-15,,
APP100347,RSS-2024-100347,Maharashtra,Thane,TPCODL,Rural,General,Residential,Male,Rooftop Solar Subsidy,GreenVolt Energy,V002,State Bank of India,ACCT8390706047,PFMS7667162,false,Vendor Selection,Completed,Under Review,Installation Pending,Approved,38338.67,37485.63,24915.98,,2.32,true,2024-08-02,2024-08-20,2024-09-16,2024-10-10
APP100348,RSS-2024-100348,Andhra Pradesh,Krishna,TSSPDCL,Rural,OBC,Residential Welfare Assoc.,Female,Rooftop Solar Subsidy,GreenVolt Energy,V002,State Bank of India,ACCT3042997907,PFMS3315563,false,Feasibility Approval,Pending,Not Feasible,Installed,Approved,128319.00,122339.62,72732.43,,9.07,true,2024-09-01,2024-10-11,2024-11-05,2024-12-01
APP100349,RSS-2024-100349,Maharashtra,Pune,BESCOM,Rural,SC,Group Housing Society,Female,Rooftop Solar Subsidy,Suryodaya Installers,V003,Canara Bank,ACCT6167679433,PFMS5034915,false,Feasibility Approval,In Progress,Feasible,In Progress,Approved,17970.81,17344.72,11543.23,5801.49,1.11,true,2024-05-26,2024-06-30,2024-07-13,2024-07-18
APP100350,RSS-2024-100350,Karnataka,Mysuru,DGVCL,Rural,General,Group Housing Society,Female,Rooftop Solar Subsidy,Suryodaya Installers,V003,State Bank of India,ACCT1511275828,PFMS5717240,false,Vendor Selection,Pending,Not Feasible,Installed,Approved,85652.75,79937.07,44031.97,,4.85,true,2024-07-18,2024-09-09,,
APP100351,RSS-2024-100351,Maharashtra,Pune,BESCOM,Rural,OBC,Group Housing Society,Female,Rooftop Solar Subsidy,GreenVolt Energy,V002,Bank of Baroda,ACCT6306012662,PFMS9877792,false,Vendor Selection,In Progress,Under Review,Installed,Approved,125623.66,111543.60,67764.70,43778.90,7.99,true,2024-04-19,2024-05-09,2024-06-23,2024-07-15
APP100352,RSS-2024-100352,Maharashtra,Pune,JVVNL,Urban,General,Group Housing Society,Female,Rooftop Solar Subsidy,Suryodaya Installers,V003,State Bank of India,ACCT8810647661,PFMS4528620,false,Vendor Selection,Pending,Feasible,Installed,Approved,58167.58,55156.86,30309.74,,3.63,true,2024-04-16,2024-05-30,2024-07-07,2024-07-31
APP100353,RSS-2024-100353,Odisha,Khordha,JVVNL,Urban,OBC,Residential,Male,Rooftop Solar Subsidy,Prakash Solar Solutions,V004,Bank of Baroda,ACCT9934261299,PFMS7025350,false,Application Submitted,Completed,Not Feasible,Installation Pending,Approved,40981.52,39162.86,23970.38,,2.88,true,2024-09-05,2024-09-27,,
APP100354,RSS-2024-100354,Telangana,Hyderabad,JVVNL,Urban,ST,Group Housing Society,Female,Rooftop Solar Subsidy,Aditya Rooftop Co,V005,State Bank of India,ACCT7075841663,PFMS7307263,false,Vendor Selection,In Progress,Feasible,Installation Pending,Scheduled,68870.70,68424.28,,,4.19,false,2024-09-12,2024-10-23,,
APP100355,RSS-2024-100355,Maharashtra,Thane,MSEDCL,Urban,SC,Residential,Female,Rooftop Solar Subsidy,Prakash Solar Solutions,V004,Union Bank of India,ACCT2109232043,PFMS7638660,false,Vendor Selection,Completed,Under Review,Installed,Approved,105645.01,97089.59,63510.61,,7.17,true,2024-08-11,2024-08-18,2024-09-25,2024-09-28
APP100356,RSS-2024-100356,Rajasthan,Jodhpur,APSPDCL,Rural,SC,Residential Welfare Assoc.,Female,Rooftop Solar Subsidy,SunTech Solar Pvt Ltd,V001,State Bank of India,ACCT9170635377,PFMS4456565,false,Vendor Selection,Pending,Feasible,Installation Pending,Approved,25209.09,22920.81,12124.22,,1.73,true,2024-06-08,2024-07-12,,
APP100357,RSS-2024-100357,Telangana,Warangal,MSEDCL,Urban,SC,Residential Welfare Assoc.,Male,Rooftop Solar Subsidy,Suryodaya Installers,V003,State Bank of India,ACCT6393264576,PFMS6672030,false,Vendor Selection,In Progress,Feasible,Installation Pending,Approved,146604.25,128785.15,,,8.34,false,2024-04-09,2024-06-03,2024-06-15,
APP100358,RSS-2024-100358,Maharashtra,Nagpur,MSEDCL,Rural,SC,Residential,Male,Rooftop Solar Subsidy,GreenVolt Energy,V002,State Bank of India,ACCT9124432004,PFMS1961887,true,Feasibility Approval,In Progress,Under Review,Installation Pending,Approved,27243.65,26098.00,,,1.66,false,2024-08-19,2024-09-16,2024-10-11,
APP100359,RSS-2024-100359,Maharashtra,Nagpur,DGVCL,Rural,ST,Group Housing Society,Female,Rooftop Solar Subsidy,Suryodaya Installers,V003,State Bank of India,ACCT5272583182,PFMS9917512,false,Vendor Selection,Completed,Under Review,Installed,Approved,136832.46,129913.06,90502.84,,8.58,true,2024-06-04,2024-07-28,2024-08-09,2024-08-21
APP100360,RSS-2024-100360,Karnataka,Mysuru,JVVNL,Rural,SC,Group Housing Society,Male,Rooftop Solar Subsidy,GreenVolt Energy,V002,State Bank of India,ACCT2824570049,PFMS2946016,false,Feasibility Approval,In Progress,Under Review,Installed,Approved,158436.41,136380.43,90652.95,,8.99,true,2024-04-12,2024-04-29,2024-05-28,2024-06-17
APP100361,RSS-2024-100361,West Bengal,Hooghly,TSSPDCL,Rural,OBC,Residential,Male,Rooftop Solar Subsidy,Prakash Solar Solutions,V004,Union Bank of India,ACCT2919301538,PFMS7734065,true,Vendor Selection,Pending,Under Review,Installed,Approved,119750.03,103461.70,59356.76,,6.77,true,2024-05-31,2024-06-29,2024-08-11,2024-08-30
APP100362,RSS-2024-100362,Karnataka,Bengaluru,TPCODL,Urban,ST,Residential Welfare Assoc.,Male,Rooftop Solar Subsidy,GreenVolt Energy,V002,State Bank of India,ACCT1672023588,PFMS7943893,false,Vendor Selection,Pending,Not Feasible,Installed,Approved,30740.28,26604.03,,,2.06,false,2024-04-16,2024-05-03,,
APP100363,RSS-2024-100363,Maharashtra,Nagpur,JVVNL,Rural,General,Residential Welfare Assoc.,Female,Rooftop Solar Subsidy,Suryodaya Installers,V003,Canara Bank,ACCT8730841896,PFMS9917512,true,Feasibility Approval,Pending,Not Feasible,Installed,Scheduled,16742.46,16602.53,9575.42,,1.10,true,2024-06-02,2024-06-14,2024-07-03,2024-07-20
APP100364,RSS-2024-100364,Andhra Pradesh,Guntur,DGVCL,Urban,ST,Residential,Male,Rooftop Solar Subsidy,Suryodaya Installers,V003,State Bank of India,ACCT6274408075,PFMS5161119,false,Feasibility Approval,Pending,Under Review,Installed,Approved,78594.40,67772.68,37777.34,29995.34,4.65,true,2024-07-09,2024-07-22,2024-07-28,2024-08-11
APP100365,RSS-2024-100365,Maharashtra,Nashik,DGVCL,Urban,General,Residential,Female,Rooftop Solar Subsidy,Prakash Solar Solutions,V004,State Bank of India,ACCT5352269726,PFMS7837822,false,Vendor Selection,Completed,Not Feasible,Installed,Scheduled,57080.63,51765.82,32335.34,19430.48,3.42,true,2024-07-26,2024-09-18,,
APP100366,RSS-2024-100366,Rajasthan,Jodhpur,JVVNL,Urban,SC,Residential Welfare Assoc.,Male,Rooftop Solar Subsidy,SunTech Solar Pvt Ltd,V001,Canara Bank,ACCT7720656983,PFMS1775783,false,Application Submitted,Completed,Feasible,Installation Pending,Approved,49744.65,44472.94,,,3.03,false,2024-08-17,2024-09-08,2024-09-24,
APP100367,RSS-2024-100367,Rajasthan,Jodhpur,TPCODL,Urban,General,Residential,Female,Rooftop Solar Subsidy,Prakash Solar Solutions,V004,Union Bank of India,ACCT3563240126,PFMS7691566,false,Vendor Selection,Pending,Under Review,Installed,Approved,126774.92,115495.49,,,7.37,false,2024-04-06,2024-05-26,,
APP100368,RSS-2024-100368,Andhra Pradesh,Krishna,DGVCL,Rural,OBC,Residential Welfare Assoc.,Male,Rooftop Solar Subsidy,SunTech Solar Pvt Ltd,V001,State Bank of India,ACCT9451266864,PFMS7837822,false,Vendor Selection,Completed,Under Review,Installed,Approved,112739.75,104682.35,,,7.07,false,2024-09-05,2024-10-23,,
APP100369,RSS-2024-100369,West Bengal,Nadia,JVVNL,Urban,ST,Group Housing Society,Male,Rooftop Solar Subsidy,Aditya Rooftop Co,V005,State Bank of India,ACCT9011440632,PFMS8704352,false,Feasibility Approval,Pending,Under Review,Installation Pending,Approved,127041.82,117766.95,73798.74,,9.04,true,2024-09-20,2024-10-30,2024-12-03,2024-12-17
APP100370,RSS-2024-100370,Maharashtra,Thane,DGVCL,Urban,ST,Residential Welfare Assoc.,Male,Rooftop Solar Subsidy,GreenVolt Energy,V002,State Bank of India,ACCT8814828672,PFMS6664691,false,Vendor Selection,In Progress,Under Review,Installed,Approved,145551.95,143381.34,,,8.36,false,2024-09-19,2024-10-09,,
APP100371,RSS-2024-100371,Maharashtra,Thane,TSSPDCL,Urban,General,Residential,Male,Rooftop Solar Subsidy,Aditya Rooftop Co,V005,State Bank of India,ACCT9111717426,PFMS9917512,false,Vendor Selection,In Progress,Feasible,Installed,Returned for correction,37375.64,33919.67,19389.43,14530.24,2.52,true,2024-04-01,2024-05-18,,
APP100372,RSS-2024-100372,Andhra Pradesh,Visakhapatnam,DGVCL,Urban,OBC,Residential Welfare Assoc.,Female,Rooftop Solar Subsidy,SunTech Solar Pvt Ltd,V001,State Bank of India,ACCT4025809380,PFMS6978381,false,Subsidy Request,Completed,Not Feasible,Installed,Approved,81484.23,74287.37,46337.12,27950.25,5.20,true,2024-08-20,2024-09-05,,
APP100373,RSS-2024-100373,Maharashtra,Thane,JVVNL,Rural,ST,Residential,Female,Rooftop Solar Subsidy,GreenVolt Energy,V002,Bank of Baroda,ACCT9956440644,PFMS5105315,false,Subsidy Request,Completed,Feasible,Installed,Approved,121992.84,113738.94,71960.27,,7.12,true,2024-06-30,2024-08-28,2024-10-04,2024-10-17
APP100374,RSS-2024-100374,Andhra Pradesh,Krishna,TPCODL,Rural,General,Residential Welfare Assoc.,Female,Rooftop Solar Subsidy,SunTech Solar Pvt Ltd,V001,Bank of Baroda,ACCT2049752271,PFMS6754715,false,Vendor Selection,In Progress,Feasible,Installed,Approved,28611.31,26542.10,,,1.91,false,2024-07-11,2024-08-12,2024-09-15,
APP100375,RSS-2024-100375,Maharashtra,Thane,JVVNL,Rural,ST,Residential Welfare Assoc.,Female,Rooftop Solar Subsidy,Aditya Rooftop Co,V005,Union Bank of India,ACCT6764624107,PFMS6754715,false,Application Submitted,Completed,Feasible,Installed,Approved,123242.62,108564.30,55292.89,,7.41,true,2024-09-18,2024-09-29,2024-10-25,2024-11-01
APP100376,RSS-2024-100376,West Bengal,Nadia,TSSPDCL,Rural,SC,Group Housing Society,Female,Rooftop Solar Subsidy,Aditya Rooftop Co,V005,Bank of Baroda,ACCT1601527146,PFMS5090565,false,Vendor Selection,Pending,Not Feasible,Installed,Approved,103734.36,98660.23,,,6.13,false,2024-06-20,2024-08-16,2024-09-18,
APP100377,RSS-2024-100377,Andhra Pradesh,Visakhapatnam,TSSPDCL,Rural,General,Residential Welfare Assoc.,Female,Rooftop Solar Subsidy,Suryodaya Installers,V003,Canara Bank,ACCT4390525323,PFMS5885030,false,Vendor Selection,Pending,Feasible,Installation Pending,Approved,56190.41,49810.26,31336.47,,3.91,true,2024-06-15,2024-06-22,2024-07-25,2024-08-05
APP100378,RSS-2024-100378,Maharashtra,Nagpur,BESCOM,Urban,ST,Group Housing Society,Male,Rooftop Solar Subsidy,Aditya Rooftop Co,V005,State Bank of India,ACCT3232239050,PFMS7306857,false,Vendor Selection,Completed,Feasible,Installed,Approved,95144.75,90398.55,48097.03,,5.39,true,2024-08-24,2024-10-05,,
APP100379,RSS-2024-100379,Maharashtra,Thane,DGVCL,Urban,General,Residential Welfare Assoc.,Male,Rooftop Solar Subsidy,Aditya Rooftop Co,V005,State Bank of India,ACCT1189611166,PFMS4774222,false,Vendor Selection,Pending,Under Review,Installed,Scheduled,91561.97,86678.17,,,5.16,false,2024-06-27,2024-08-16,2024-09-25,
APP100380,RSS-2024-100380,Maharashtra,Thane,JVVNL,Urban,SC,Group Housing Society,Female,Rooftop Solar Subsidy,Suryodaya Installers,V003,State Bank of India,ACCT5946224006,PFMS9397123,false,Vendor Selection,Completed,Not Feasible,Installed,Approved,58071.72,51873.71,27362.64,24511.07,3.57,true,2024-08-26,2024-10-03,,
APP100381,RSS-2024-100381,Maharashtra,Nagpur,TPCODL,Urban,SC,Residential Welfare Assoc.,Female,Rooftop Solar Subsidy,SunTech Solar Pvt Ltd,V001,Punjab National Bank,ACCT3197753850,PFMS2554413,false,Vendor Selection,Pending,Under Review,Installed,Approved,154510.56,149516.79,100016.02,49500.77,9.64,true,2024-05-17,2024-07-16,2024-08-06,2024-08-19
APP100382,RSS-2024-100382,Maharashtra,Pune,APSPDCL,Rural,ST,Group Housing Society,Female,Rooftop Solar Subsidy,Aditya Rooftop Co,V005,Canara Bank,ACCT7021231513,PFMS7593242,false,Vendor Selection,Completed,Feasible,Installed,Approved,161121.21,156284.42,80342.49,,10.00,true,2024-07-31,2024-09-11,2024-10-17,2024-10-29
APP100383,RSS-2024-100383,Karnataka,Bengaluru,DGVCL,Rural,OBC,Residential Welfare Assoc.,Male,Rooftop Solar Subsidy,Prakash Solar Solutions,V004,Union Bank of India,ACCT9425983030,PFMS7837822,false,Vendor Selection,In Progress,Under Review,Installed,Approved,50109.76,48370.48,,,3.34,false,2024-08-29,,,
APP100384,RSS-2024-100384,Odisha,Khordha,JVVNL,Rural,ST,Group Housing Society,Male,Rooftop Solar Subsidy,Suryodaya Installers,V003,Bank of Baroda,ACCT2643468538,PFMS8099190,false,Feasibility Approval,Pending,Under Review,Installed,Approved,94475.11,85600.66,56120.25,,6.59,true,2024-07-08,2024-08-04,,
APP100385,RSS-2024-100385,West Bengal,Hooghly,TSSPDCL,Urban,ST,Residential Welfare Assoc.,Female,Rooftop Solar Subsidy,Aditya Rooftop Co,V005,State Bank of India,ACCT2836751790,PFMS7990078,false,Vendor Selection,Completed,Feasible,Installed,Approved,95398.98,88823.68,,,5.39,false,2024-04-04,2024-05-24,2024-06-26,
APP100386,RSS-2024-100386,Maharashtra,Thane,WBSEDCL,Rural,OBC,Group Housing Society,Female,Rooftop Solar Subsidy,SunTech Solar Pvt Ltd,V001,State Bank of India,ACCT1171046604,PFMS3236111,false,Vendor Selection,Pending,Under Review,Installed,Approved,84446.38,71789.77,42246.52,,5.93,true,2024-08-03,2024-08-17,2024-09-14,2024-09-28
APP100387,RSS-2024-100387,Maharashtra,Thane,TSSPDCL,Rural,General,Residential,Female,Rooftop Solar Subsidy,SunTech Solar Pvt Ltd,V001,State Bank of India,ACCT6265388137,PFMS6416575,false,Vendor Selection,In Progress,Feasible,Installed,Approved,100567.28,96629.34,,,6.19,false,2024-05-28,2024-07-03,,
APP100388,RSS-2024-100388,Maharashtra,Thane,JVVNL,Rural,ST,Residential Welfare Assoc.,Male,Rooftop Solar Subsidy,GreenVolt Energy,V002,Bank of Baroda,ACCT5159364120,PFMS5453886,false,Vendor Selection,In Progress,Not Feasible,Installed,Approved,123958.00,123085.73,,,8.37,false,2024-07-05,2024-08-26,2024-10-10,
APP100389,RSS-2024-100389,Karnataka,Bengaluru,APSPDCL,Rural,ST,Residential,Female,Rooftop Solar Subsidy,Suryodaya Installers,V003,State Bank of India,ACCT7603388232,PFMS1884871,false,Vendor Selection,In Progress,Not Feasible,Installed,Approved,66407.90,63427.28,36971.06,26456.22,3.94,true,2024-04-30,2024-05-23,2024-05-28,2024-06-23
APP100390,RSS-2024-100390,Maharashtra,Nagpur,WBSEDCL,Urban,OBC,Residential Welfare Assoc.,Male,Rooftop Solar Subsidy,Prakash Solar Solutions,V004,Canara Bank,ACCT8732465269,PFMS2589837,false,Vendor Selection,Completed,Under Review,In Progress,Approved,114715.93,109983.18,67838.62,42144.56,7.04,true,2024-09-03,2024-09-10,2024-10-22,2024-10-28
APP100391,RSS-2024-100391,Maharashtra,Thane,DGVCL,Urban,ST,Residential Welfare Assoc.,Male,Rooftop Solar Subsidy,Prakash Solar Solutions,V004,Bank of Baroda,ACCT9966420776,PFMS6426165,false,Vendor Selection,Pending,Not Feasible,Installed,Approved,116038.18,99182.20,,,6.53,false,2024-08-13,2024-09-29,,
APP100392,RSS-2024-100392,Maharashtra,Nagpur,MSEDCL,Urban,ST,Residential Welfare Assoc.,Male,Rooftop Solar Subsidy,GreenVolt Energy,V002,Union Bank of India,ACCT9472619031,PFMS8030780,false,Vendor Selection,Completed,Not Feasible,Installed,Approved,34862.16,32641.91,20584.51,,2.40,true,2024-07-14,2024-08-04,2024-09-18,2024-10-12
APP100393,RSS-2024-100393,Maharashtra,Nashik,TSSPDCL,Urban,General,Residential Welfare Assoc.,Female,Rooftop Solar Subsidy,Aditya Rooftop Co,V005,Canara Bank,ACCT8995448050,PFMS3333756,false,Subsidy Request,Completed,Under Review,Installed,Approved,102796.05,99373.65,53843.92,45529.73,6.39,true,2024-07-09,2024-08-07,2024-09-08,2024-09-30
APP100394,RSS-2024-100394,Maharashtra,Thane,APSPDCL,Urban,General,Group Housing Society,Male,Rooftop Solar Subsidy,Prakash Solar Solutions,V004,Union Bank of India,ACCT8581249277,PFMS4771050,false,Vendor Selection,Completed,Under Review,In Progress,Approved,17378.39,16603.21,10279.61,6323.60,1.01,true,2024-09-02,2024-09-09,2024-09-20,2024-10-11
APP100395,RSS-2024-100395,Andhra Pradesh,Visakhapatnam,DGVCL,Urban,OBC,Group Housing Society,Female,Rooftop Solar Subsidy,Aditya Rooftop Co,V005,Union Bank of India,ACCT1478513895,PFMS9129523,false,Application Submitted,Pending,Feasible,Installed,Approved,118545.90,118056.64,,,7.84,false,2024-07-11,2024-08-03,,
APP100396,RSS-2024-100396,Andhra Pradesh,Visakhapatnam,BESCOM,Rural,ST,Group Housing Society,Female,Rooftop Solar Subsidy,GreenVolt Energy,V002,Punjab National Bank,ACCT1583473340,PFMS3508809,false,Vendor Selection,In Progress,Under Review,Installed,Approved,149224.83,129430.05,,,8.55,false,2024-07-03,,,
APP100397,RSS-2024-100397,West Bengal,Nadia,DGVCL,Urban,ST,Group Housing Society,Female,Rooftop Solar Subsidy,Aditya Rooftop Co,V005,State Bank of India,ACCT6663448820,PFMS4321112,false,Vendor Selection,In Progress,Not Feasible,Installation Pending,Approved,139777.14,125243.14,86609.16,38633.98,8.41,true,2024-07-04,2024-07-25,,
APP100398,RSS-2024-100398,Odisha,Khordha,TSSPDCL,Rural,ST,Residential,Female,Rooftop Solar Subsidy,Suryodaya Installers,V003,State Bank of India,ACCT1909037913,PFMS3173354,false,Vendor Selection,In Progress,Not Feasible,Installed,Approved,76589.77,76390.16,39264.15,37126.01,5.29,true,2024-04-26,2024-05-07,,
APP100399,RSS-2024-100399,Maharashtra,Thane,JVVNL,Rural,OBC,Residential Welfare Assoc.,Male,Rooftop Solar Subsidy,SunTech Solar Pvt Ltd,V001,State Bank of India,ACCT9795285314,PFMS9374032,false,Vendor Selection,Completed,Feasible,Installed,Approved,15361.41,14729.66,,,1.02,false,2024-08-08,2024-09-20,,
